Id,Date Posted,Product Title,Price,Area,Price per m²,Bedrooms,Toilets,Location,Coordinates
41960567,20/02/2025,"Chính chủ bán căn hộ DTSD 110m2 tầng 3, SĐCC, TT Ban TC Trung ương, ngõ 195 Đội Cấn, Ba Đình Hà Nội","5,8 tỷ",110 m²,"52,73 tr/m²",4,2,·,"21.0349663185301, 105.825329822471"
42233544,21/02/2025,"Quỹ căn độc quyền, giá tốt nhất tại Metropolis, khách giao dịch trực tiếp chủ nhà. LH: 0933 218 ***","12,3 tỷ",83 m²,"148,19 tr/m²",2,2,"Ngọc Khánh, Ba Đình","21.03315596050234, 105.81623258205056"
41924361,20/02/2025,"Quỹ căn nội bộ The Nelson tầng đẹp giá niêm yết, chiết khấu cao nhất cho quý khách trong tháng 2",Giá thỏa thuận,106 m²,N/A,3,N/A,"Thành Công, Ba Đình","21.020341785029647, 105.81844024609879"
42084659,20/02/2025,HOT! Quỹ căn ngoại giao đẹp nhất tầng 16 đến 27 (Penhouse) DA The Nelson giá tốt nhất thị trường,Giá thỏa thuận,"106,1 m²",N/A,3,N/A,"Thành Công, Ba Đình","21.020790495114, 105.819169031891"
41121730,19/02/2025,Giá tốt (135tr/m2): Quỹ căn Vinhomes Metropolis ngày 19/02 SDT 0913 809 ***,24 tỷ,146 m²,"164,38 tr/m²",4,3,"Ngọc Khánh, Ba Đình","21.033200593455224, 105.81757533365791"
42202484,18/02/2025,Bán CC lô góc 100 m2 phố Văn Cao tặng chỗ đỗ ô tô sở hữu vĩnh viễn,"8,5 tỷ",100 m²,85 tr/m²,3,2,"Liễu Giai, Ba Đình","21.0403751111165, 105.816208528728"
42169667,14/02/2025,"Chung cư Cao cấp The Golden Armor B6 Giảng Võ, Ba Đình  84m2 , 2PN, 2 WC,  giá tốt nhất khu vực.","10,13 tỷ",84 m²,"120,6 tr/m²",2,2,"Giảng Võ, Ba Đình","21.0297121962495, 105.821629727196"
42025902,14/02/2025,"Bán căn hộ 1PN + 1 nhà TT Đào Tấn, Linh Lang, Ba Đình. DT 50m2 full NT, sổ đỏ chính chủ. Giá 2,9 tỷ","2,9 tỷ",50 m²,58 tr/m²,1,1,"Cống Vị, Ba Đình","21.0327771945018, 105.808879840363"
41591739,14/02/2025,"CĐT Chính thức mở bán đợt 1 giá cực tốt tầng 18, hỗ trợ miễn lãi tới quý 3.2025",10 tỷ,83 m²,"120,48 tr/m²",2,2,"Thành Công, Ba Đình","21.020761690725905, 105.81901154918722"
41482508,14/02/2025,"Tôi chính chủ bán tập thể D7 tầng 2 Thành Công, ngõ 9 Nguyên Hồng mặt phố, 3 thoáng, 3 ngủ, full đồ","4,26 tỷ",100 m²,"42,6 tr/m²",3,2,"Thành Công, Ba Đình","21.021523965951, 105.8122492524"
42241775,22/02/2025,Chính chủ cần bán căn góc view hồ Giảng Võ đẹp nhất Lancaster,13 tỷ,116 m²,"112,07 tr/m²",3,2,"Giảng Võ, Ba Đình","21.028709182176943, 105.82388991732228"
37349831,22/02/2025,"Quỹ căn chuyển nhượng Vinhomes Metropolis từ 1PN đến 4PN, xem nhà 24/7, giá tốt nhất thị trường",27 tỷ,146 m²,"184,93 tr/m²",4,3,"Ngọc Khánh, Ba Đình","21.0332698822021, 105.816703796387"
41572864,22/02/2025,Hot - Căn hộ chung cư hạng sang tại 29 Láng Hạ HD Mon: 106m2. Giá từ 135 tr/m² - LH: 0931 318 ***,"14,31 tỷ",106 m²,135 tr/m²,3,2,"Thành Công, Ba Đình","21.0227885456068, 105.819968145246"
42227070,21/02/2025,"Bán căn 2PN 77,6m2 CC Grandeur Palace Giảng Võ, nội thất mới, nhà đẹp sẵn sổ đỏ liên hệ: 0822 238 ***","12,5 tỷ","77,6 m²","161,08 tr/m²",2,2,"Kim Mã, Ba Đình","21.0280384416533, 105.825959671768"
42216181,20/02/2025,"Bán chung cư cao cấp 80m2 tại The Golden Armor, B6 Giảng Võ, 2PN, có nội thất",Giá thỏa thuận,80 m²,N/A,2,2,"Giảng Võ, Ba Đình","21.0293151242614, 105.82132812457617"
42214129,20/02/2025,Mở bán căn hộ cao cấp Discovery Central - Chìa khóa trao tay,16 tỷ,"117,8 m²","135,82 tr/m²",3,2,"Điện Biên, Ba Đình","21.032202554863286, 105.83097785438893"
40396592,18/02/2025,Quỹ căn hộ cần chuyển nhượng giá tốt nhất - gọi xem nhà ngay hôm nay. Hotline 0989 138 ***,"20,5 tỷ",115 m²,"178,26 tr/m²",3,2,"Ngọc Khánh, Ba Đình","21.0325841306725, 105.816345465811"
40684077,17/02/2025,Metropolis căn 139 tr/m2 cần bán (17/02/2025) SDT 0913 809 ***,16 tỷ,115 m²,"139,13 tr/m²",3,2,"Ngọc Khánh, Ba Đình","21.03366487424972, 105.81714646924382"
42183472,17/02/2025,"Bán CC Newtatco, Bưởi, 5,35 tỷ, 72m2, 2PN, 1VS, pháp lý đầy đủ","5,35 tỷ",72 m²,"74,31 tr/m²",2,1,"Vĩnh Phúc, Ba Đình","21.04197829710126, 105.80781071854979"
42169587,14/02/2025,"Chung cư Cao cấp The Golden Armor B6 Giảng Võ, Ba Đình 73m2. 2PN, 2 WC,  giá tốt nhất khu vực ạ.","8,96 tỷ",73 m²,"122,74 tr/m²",2,2,"Giảng Võ, Ba Đình","21.029712196249534, 105.8216297271962"
42010652,10/02/2025,"Căn 3PN đẳng cấp view Hồ Hoàng Cầu quận Ba Đình- The Nelson 29 Láng Hạ ,CK cao Miễn 2 Năm Phí DV","13,4 tỷ","106,2 m²","126,18 tr/m²",3,2,"Thành Công, Ba Đình","21.020761245749192, 105.81921366419633"
42189421,23/02/2025,"Bán nhà tập thể Giảng Võ, Ba Đình, 85m2, 2 ngủ, 2WC, 2 ban công, ô tô đỗ cửa, nhà đẹp, ở ngay",4 tỷ,85 m²,"47,06 tr/m²",2,2,"Giảng Võ, Ba Đình","21.0262450890511, 105.823404812151"
42206584,23/02/2025,Suất ngoại giao căn 3 ngủ hoa hậu view toàn bộ hồ Hoàng Cầu HOT nhất The Nelson 29 Láng Hạ,Giá thỏa thuận,106 m²,N/A,3,N/A,"Thành Công, Ba Đình","21.0207357737184, 105.818958352233"
41748553,23/02/2025,"Chuyên căn hộ 16 Láng Hạ, Ba Đình, Hà Nội. Liên hệ Ms. Thảo: 0962 317 ***","21,7 tỷ",125 m²,"173,6 tr/m²",3,2,"Thành Công, Ba Đình","21.018978, 105.81591"
38817314,23/02/2025,"Bán gấp CH tại The Golden Armor - B6 Giảng Võ, 85m2, 2PN, full đồ đẹp, có ban công LH: 0814 332 ***",Giá thỏa thuận,85 m²,N/A,2,2,"Giảng Võ, Ba Đình","21.029693603515625, 105.8215103149414"
42221084,23/02/2025,Chính chủ bán nhà TT Ban Đối Ngoại TW - Kim Mã - 3 tỷ - 2 Ngủ,3 tỷ,65 m²,"46,15 tr/m²",2,2,"Kim Mã, Ba Đình","21.0317774467356, 105.825247041992"
41290143,23/02/2025,Bán căn hộ hot - Ngõ 409 Kim Mã(TT Ban Đối Ngoại TW),"3,18 tỷ",65 m²,"48,92 tr/m²",2,2,"Kim Mã, Ba Đình","21.0319466359861, 105.825130083033"
41798366,23/02/2025,"Bán gấp căn hộ 3PN 2WC tại 29 Láng Hạ, Ba Đình, 3 PN 106m2 - Vip xuất sắc",Giá thỏa thuận,106 m²,N/A,3,2,"Thành Công, Ba Đình","21.0206998810566, 105.818996770257"
32639060,23/02/2025,"Chính chủ cần bán căn hộ 3PN, 126m2 tại Diamond Park Plaza. Căn góc - hướng view hồ. Sổ đỏ Lâu dài","13,8 tỷ",126 m²,"109,52 tr/m²",3,2,"Thành Công, Ba Đình","21.0189781188965, 105.815910339355"
33605980,23/02/2025,"PKD CĐT cập nhật quỹ căn tại Diamond Park 16 Láng Hạ, 1PN căn đẹp - hàng ngoại giao. Đã có sổ đỏ","5,45 tỷ",57 m²,"95,61 tr/m²",1,1,"Thành Công, Ba Đình","21.019416809082, 105.816879272461"
41864213,23/02/2025,"Bán căn hộ Đội Cấn - ngay Giang Văn Minh (40m-50m), full nội thất, ở ngay","1,35 tỷ",50 m²,27 tr/m²,2,1,"Đội Cấn, Ba Đình","21.0347599990557, 105.825083614149"
36864436,23/02/2025,"(Giá chuẩn) Bán gấp căn hộ Vinhomes Metropolis 1PN tòa M2 55m2 đồ siêu đẹp chỉ 8,4 tỷ full đồ đẹp","8,4 tỷ",55 m²,"152,73 tr/m²",1,1,"Ngọc Khánh, Ba Đình","21.03327, 105.8167"
42117728,23/02/2025,"Bán CC 3PN, 2WC giá cực chất tại Vinhomes Metropolis - Liễu Giai, 110m2, Ba Đình, HN",20 tỷ,110 m²,"181,82 tr/m²",3,2,"Ngọc Khánh, Ba Đình","21.033428091384412, 105.81657454603535"
41796974,23/02/2025,"Bán gấp căn hộ The Nelson Private Residences, 119 triệu/m2, 106m2, 3PN, 2WC tại Láng Hạ, Hà Nội","12,61 tỷ",106 m²,119 tr/m²,3,2,"Thành Công, Ba Đình","21.0205957574202, 105.819921242031"
38217680,23/02/2025,"Tôi có căn hộ 57m2 tòa M2 bán với giá 8 tỷ, 0913 809 ***",8 tỷ,57 m²,"140,35 tr/m²",1,1,"Ngọc Khánh, Ba Đình","21.0332698822021, 105.816703796387"
36213833,23/02/2025,"Bán căn hộ 11A tòa M3, DT 115m2","19,5 tỷ",115 m²,"169,56 tr/m²",3,2,"Ngọc Khánh, Ba Đình","21.0332698822021, 105.816703796387"
24553566,23/02/2025,"Bán căn hộ cao cấp Golden Armor - B6 Giảng Võ 83.6m2, 2PN, giá tốt nhất thị trường. Lh 0945 894 ***",Giá thỏa thuận,"83,6 m²",N/A,2,2,"Giảng Võ, Ba Đình","21.0296936035156, 105.821510314941"
42244154,23/02/2025,"Bán TT Tầng 1 Khu 7.2 Hecta Vĩnh Phúc, 2 Mặt Ngõ, Ba Đình, Kinh Doanh Đỉnh, 3.79 Tỷ Có Thương Lượng","3,79 tỷ",32 m²,"118,44 tr/m²",1,1,"Vĩnh Phúc, Ba Đình","21.0442131928925, 105.80993490241"
41797289,23/02/2025,"Bán CC The Nelson Private Residences, Láng Hạ, Ba Đình, Hà Nội, giá thỏa thuận, 83m2, 2PN, 2WC, Hot",Giá thỏa thuận,83 m²,N/A,2,2,"Thành Công, Ba Đình","21.0203442139842, 105.818111080822"
42181086,23/02/2025,"Bán TT Thành Công, Ba Đình, T3, DT 60m2 (25m2 sổ), 2 ngủ, 3.1 tỷ","3,1 tỷ",60 m²,"51,67 tr/m²",2,N/A,"Thành Công, Ba Đình","21.0219440302271, 105.815494398863"
42245221,23/02/2025,Bán căn hoa hậu rẻ nhất dự án 125m2 gần hồ Thành Công đẹp nhất. LH PKD CĐT 0904 682 ***,"12,5 tỷ",125 m²,100 tr/m²,3,2,"Thành Công, Ba Đình","21.019046146336194, 105.81576332325128"
41788190,23/02/2025,"Nhanh tay sở hữu căn hộ cao cấp tại The Nelson Private Residences Láng Hạ, Ba Đình, Hà Nội","12,72 tỷ",106 m²,120 tr/m²,3,2,"Thành Công, Ba Đình","21.0210825846511, 105.818615702727"
42078286,23/02/2025,Chính chủ gửi bán căn 2 ngủ view hồ giá 16 tỉ,16 tỷ,"96,66 m²","165,53 tr/m²",2,N/A,"Thành Công, Ba Đình","21.019243240635483, 105.81668660930694"
41787124,23/02/2025,Bán căn hộ hạng sang quận Ba Đình giá từ 120tr/m2 full nội thất cao cấp - 3PN sổ đỏ lâu dài,"12,82 tỷ","106,8 m²",120 tr/m²,3,2,"Thành Công, Ba Đình","21.0211170691138, 105.818993356103"
41005473,23/02/2025,Hotline dự án Diamond Park 16 Láng Hạ: 0905 956 *** (Miễn môi giới),17 tỷ,125 m²,136 tr/m²,3,2,"Thành Công, Ba Đình","21.0224933121478, 105.819807092648"
41945829,23/02/2025,Bán căn 2 phòng ngủ - 87.1m2 trung tâm Q. Ba Đình - Sở hữu lâu dài - Nhận nhà 2025,"11,32 tỷ","87,1 m²",130 tr/m²,2,2,"Thành Công, Ba Đình","21.020793011194574, 105.81903509074714"
41787918,23/02/2025,"CC 2PN, 83m2 tại The Nelson Private Residences, 120 triệu / m2, Ba Đình, HN","9,96 tỷ",83 m²,120 tr/m²,2,2,"Thành Công, Ba Đình","21.0204943354886, 105.819589187899"
41567035,23/02/2025,Hiếm! 1.0.2! Bán chung cư bộ quốc phòng - Văn Cao - 90m2 - căn góc - TM - 5.6 tỷ - 0394 743 ***,"5,6 tỷ",90 m²,"62,22 tr/m²",N/A,N/A,"Liễu Giai, Ba Đình","21.040213336647, 105.816056433523"
42233042,23/02/2025,"TẬP THỂ BỘ TÀI CHÍNH MẶT PHỐ HÀNG THAN, NHÀ ĐẸP, LÔ GÓC 2 MẶT THOÁNG VỀ Ở LUÔN.","4,95 tỷ",52 m²,"95,19 tr/m²",3,2,"Nguyễn Trung Trực, Ba Đình","21.0419887466144, 105.847672568098"
40842276,23/02/2025,"Bán gấp CHCC cao cấp tòa Diamond Plaza 16 Láng Hạ, CĐT tập đoàn BRG, diện tích 81.89m2 giá 10.3 tỷ","10,3 tỷ","81,89 m²","125,78 tr/m²",2,2,"Thành Công, Ba Đình","21.0189781188965, 105.815910339355"
42191152,23/02/2025,"Tôi cần bán nhanh CHCC Aqua 44 Yên Phụ full nội thất giá đảm bảo rẻ nhất thị trường, nội thất đẹp",Giá thỏa thuận,110 m²,N/A,3,2,"Trúc Bạch, Ba Đình","21.0444995181223, 105.845890442188"
42214980,23/02/2025,Bán căn hoa hậu rẻ nhất dự án 125m2 gần hồ Thành Công đẹp nhất. LH PKD CĐT 0904 682 ***,"12,5 tỷ",125 m²,100 tr/m²,3,2,"Thành Công, Ba Đình","21.019046146336194, 105.81576332325128"
42233082,23/02/2025,"Giá giảm 20% - bán gấp 195 Đội Cấn - căn hộ 72m2 - 2PN 2VS. 5,2 tỷ. LH: 0967 401 *** Nam","5,2 tỷ",72 m²,"72,22 tr/m²",2,2,"Đội Cấn, Ba Đình","21.0350621876209, 105.825286450803"
42034992,22/02/2025,"Bán gấp CH tại The Golden Armor - B6 Giảng Võ, 105m2, 3PN, full đồ đẹp, căn góc. LH: 0814 332 ***",9 tỷ,105 m²,"85,71 tr/m²",3,2,"Giảng Võ, Ba Đình","21.030370356101372, 105.82089045421783"
41498685,22/02/2025,"Bán gấp căn hộ chung cư Platinum Residences - 6 Nguyễn Công Hoan, 108m2 2PN giá 8,8 tỷ","8,8 tỷ",108 m²,"81,48 tr/m²",2,2,"Ngọc Khánh, Ba Đình","21.0270671844482, 105.817451477051"
38990119,22/02/2025,"Bán gấp căn hộ chung cư The Lancaster 20 Núi Trúc, 128m2, 3PN căn góc, nội thất ban công Đông Nam",Giá thỏa thuận,128 m²,N/A,3,3,"Giảng Võ, Ba Đình","21.0288105010986, 105.82356262207"
42078277,22/02/2025,"Căn hộ đẳng cấp tìm mãi không ra quận Ba Đình, đến ngay The Nelson 29 Láng Hạ CK 2.5% HTLS 12 tháng","10,1 tỷ",87 m²,"116,09 tr/m²",2,2,"Thành Công, Ba Đình","21.0214799779258, 105.818890573473"
41239511,22/02/2025,"Căn hộ Vinhomes Metropolis - Liễu Giai giá 12 tỷ VND, diện tích 78m2. Xem nhà ngay hôm nay",12 tỷ,78 m²,"153,85 tr/m²",2,2,"Ngọc Khánh, Ba Đình","21.0338607740659, 105.814085265366"
42147003,22/02/2025,"(Giá rẻ) Bán gấp căn góc 3PN rộng 120m2 toà M3 Vinhomes Metropolis view 3 hồ đẹp giá 19,9 tỷ bp","19,9 tỷ",120 m²,"165,83 tr/m²",3,2,"Ngọc Khánh, Ba Đình","21.033234356709713, 105.81669409038182"
24174182,22/02/2025,Tôi cần bán căn hộ Vinhomes Metropolis 2PN 81m2 tòa M2 3515 view Hồ Ngọc Khánh - Kim Mã nhà rất mới,"11,9 tỷ",81 m²,"146,91 tr/m²",2,2,"Ngọc Khánh, Ba Đình","21.0332698822021, 105.816703796387"
38761482,22/02/2025,"Bán CHCC Lancaster 20 Núi Trúc, Ba Đình, 125m2, 3PN, đồ gắn tường, giá thỏa thuận. LH 0983 951 ***",Giá thỏa thuận,125 m²,N/A,3,2,"Giảng Võ, Ba Đình","21.028810501098633, 105.82356262207031"
38762689,22/02/2025,"Bán CHCC The Golden Amor B6 Giang Vo, Ba Đình, 100m2, 3 ngủ full nội thất, giá TT. Lh 0983 951 ***",Giá thỏa thuận,100 m²,N/A,3,2,"Giảng Võ, Ba Đình","21.029693603515625, 105.8215103149414"
41599927,22/02/2025,Hiếm! Bán căn hộ 3PN hạng sang mặt phố Láng Hạ duy nhất view hồ Hoàng Cầu và Giảng Võ,"13,7 tỷ",106 m²,"129,24 tr/m²",3,2,"Thành Công, Ba Đình","21.020708, 105.81897"
40670835,22/02/2025,Bán căn hộ Skyvilla Vinhomes Metropolis 400m2 vị trí cực vip view trọn Hồ Tây,77 tỷ,400 m²,"192,5 tr/m²",N/A,N/A,"Ngọc Khánh, Ba Đình","21.0332698822021, 105.816703796387"
29444863,22/02/2025,"Chính chủ bán Vinhomes Metropolis 148m2 tòa M3 căn 10, 4PN tầng 29 vip view hồ Tây. LH: 0339 621 ***",Giá thỏa thuận,148 m²,N/A,4,N/A,"Ngọc Khánh, Ba Đình","21.0332698822021, 105.816703796387"
42152430,22/02/2025,"Bán căn hộ tòa nhà 57 Láng Hạ, 193 m2, 4 PN, 2 phụ, nhà đẹp, thoáng, giá 13,9 tỷ","13,9 tỷ",193 m²,"72,02 tr/m²",N/A,N/A,"Thành Công, Ba Đình","21.019631303916558, 105.8167402783478"
37884353,22/02/2025,"Bán gấp căn 3PN siêu rẻ, tầng cao giá 15, xx tỷ dự án BRG 16 Láng Hạ, view trọn hồ Thành Công",Giá thỏa thuận,126 m²,N/A,3,2,"Thành Công, Ba Đình","21.019416809082, 105.816879272461"
41239550,22/02/2025,Căn hộ 1PN giá tốt nhất thị trường. Xem nhà ngay hôm nay,"8,5 tỷ",55 m²,"154,54 tr/m²",1,1,"Ngọc Khánh, Ba Đình","21.0332698822021, 105.816703796387"
40852469,22/02/2025,Chính chủ bán căn hộ chung cư cao cấp Vinhomes Metropolis DT 76m 105m 207m 264m 333m penhouse,10 tỷ,76 m²,"131,58 tr/m²",2,2,"Ngọc Khánh, Ba Đình","21.03375020006964, 105.8174823368095"
42189293,22/02/2025,"Bán tập thể Giảng Võ, Vũ Thạnh, T2, lô góc, 85m2 (sổ 40m2), 2 ngủ, 4.1 tỷ","4,1 tỷ",85 m²,"48,24 tr/m²",2,2,"Giảng Võ, Ba Đình","21.0261806958044, 105.823279105891"
42141215,22/02/2025,"Bán căn hộ chung cư 80m - 2PN 2WC, Căn góc, phố Đội Cấn gần Lăng Bác Hồ. Giá hơn 5 tỷ","5,5 tỷ",80 m²,"68,75 tr/m²",2,2,"Liễu Giai, Ba Đình","21.038653115497528, 105.81300710063311"
25319221,22/02/2025,"(Giá chuẩn) Bán gấp Vinhomes Metropolis căn 3PN 115m2 tòa M3 giá rẻ nhất thị trường 17,4 tỷ bao phí","17,4 tỷ",115 m²,"151,3 tr/m²",3,2,"Ngọc Khánh, Ba Đình","21.0317993164063, 105.814193725586"
42208777,22/02/2025,"Bán căn hộ 2PN, 1WC giá cực chất tại Hòe Nhai, 35m2, Ba Đình, Hà Nội",3 tỷ,35 m²,"85,71 tr/m²",2,1,"Nguyễn Trung Trực, Ba Đình","21.042206409102, 105.848161230878"
42239041,22/02/2025,"Bán gấp CHCC cao cấp Tại The Lancaster - 20 Núi Trúc, 142m2, 3PN, căn góc, view Hồ LH: 0975 864 ***",Giá thỏa thuận,142 m²,N/A,3,3,"Giảng Võ, Ba Đình","21.02917965407075, 105.82353766853625"
41519229,22/02/2025,"Chính chủ bán CH Hòa Bình Green Apartment DT 105,2m, 3PN full NT đẹp SĐCC giá 7,5 tỷ: 0971 085 ***","7,5 tỷ","105,2 m²","71,29 tr/m²",3,2,"Vĩnh Phúc, Ba Đình","21.0389488250747, 105.803690418477"
41446147,22/02/2025,"Bán gấp căn hộ vip tòa Lancaster Hà Nội, 140m2, 3PN, ban công Đông Nam",Giá thỏa thuận,140 m²,N/A,3,3,"Giảng Võ, Ba Đình","21.0288105010986, 105.82356262207"
42191332,22/02/2025,"Bán gấp CH cao cấp The Lancaster - 20 Núi Trúc, 128m2, 3PN, căn góc, view thoáng LH: 0975 864 ***",Giá thỏa thuận,128 m²,N/A,3,3,"Giảng Võ, Ba Đình","21.0289865159234, 105.823890708585"
41780646,22/02/2025,CDT Lê Trực mở bán đợt cuối CC cao cấp Discovery Central 67 Trần Phú. Nhận nhà ở ngay,"7,1 tỷ",71 m²,100 tr/m²,2,N/A,"Điện Biên, Ba Đình","21.0318458911451, 105.830973123292"
42216388,22/02/2025,"Chủ nhà thiện chí gửi bán căn hộ Vinhomes Metrolpolis 80m2 2 ngủ 2wc, full đồ xem nhà 24/7",11 tỷ,80 m²,"137,5 tr/m²",2,2,"Ngọc Khánh, Ba Đình","21.03335652221344, 105.81677769817222"
42237397,22/02/2025,Hiếm! Căn góc PN giá tốt nhất thị trường (tầng 12-25) dự án Nelson Private Residences Láng Hạ,Giá thỏa thuận,106 m²,N/A,3,2,"Thành Công, Ba Đình","21.020785739081955, 105.81919284461695"
41585648,22/02/2025,"Bán CHCC Lancaster - 20 Núi Trúc, Ba Đình, căn góc 125m2, 3PN, view cực thoáng. LH 0972 709 ***",Giá thỏa thuận,125 m²,N/A,3,2,"Giảng Võ, Ba Đình","21.0293877150708, 105.823376430402"
41306331,22/02/2025,"Siêu đẹp! Chính chủ bán căn 2 ngủ trục đẹp nhất tòa Vinhomes Metropolis, full đồ, giá cực tốt",Giá thỏa thuận,80 m²,N/A,2,2,"Ngọc Khánh, Ba Đình","21.033269882202148, 105.81670379638672"
36910821,22/02/2025,Độc quyền bán những căn góc đẹp nhất 142m2 - 125m2 tại Lancaster Núi Trúc vip*,Giá thỏa thuận,142 m²,N/A,3,3,"Giảng Võ, Ba Đình","21.0288105010986, 105.82356262207"
41606834,22/02/2025,"Bán căn hộ chung cư tại Grandeur Palace Giảng Võ, giá thỏa thuận, 154m2, 3PN. Liên hệ 0942 033 ***",Giá thỏa thuận,154 m²,N/A,3,3,"Kim Mã, Ba Đình","21.0287971496582, 105.825675964355"
40842214,22/02/2025,Bán nhanh căn hộ số 6 Đội Nhân 60m2 2n tầng cao giá chỉ 4 tỷ có gia lộc. LH: 0978 723 ***,4 tỷ,60 m²,"66,67 tr/m²",2,1,"Vĩnh Phúc, Ba Đình","21.041636, 105.811874"
38749763,22/02/2025,"Chính chủ gửi bán căn hộ 1PN, DT 57m2, giá 9 tỷ LH: 0987 709 *** Mr Hùng",9 tỷ,57 m²,"157,9 tr/m²",1,1,"Ngọc Khánh, Ba Đình","21.033269882202148, 105.81670379638672"
38871819,22/02/2025,"Quỹ căn 2 phòng ngủ VHM Metropolis cần bán, giá rẻ, LH xem nhà: 0982 040 *** Mr Hùng","11,8 tỷ",85 m²,"138,82 tr/m²",2,2,"Ngọc Khánh, Ba Đình","21.0332698822021, 105.816703796387"
38861406,22/02/2025,"Quỹ căn 3 phòng ngủ Vinhomes Metropolis cần bán gấp, full nội thất, view Hồ Tây, LH: 0982 040 ***","17,8 tỷ",115 m²,"154,78 tr/m²",3,2,"Ngọc Khánh, Ba Đình","21.033269882202148, 105.81670379638672"
38803091,22/02/2025,"Chính chủ gửi bán căn 4 phòng ngủ, DT 146m2, view hồ Tây, LH: Mr Hùng 0987 709 ***",26 tỷ,146 m²,"178,08 tr/m²",4,3,"Ngọc Khánh, Ba Đình","21.0332698822021, 105.816703796387"
41009251,22/02/2025,"Bán TT K7 Bắc Thành Công, tầng 2, DTSD 120 m2, 3 PN, 2 phụ, 1 PK, 1 B nhà đẹp, ở luôn, giá 4,66 tỷ","4,66 tỷ",120 m²,"38,83 tr/m²",3,2,"Thành Công, Ba Đình","21.0219849213624, 105.815994458864"
39436151,22/02/2025,"Bán căn DUPLEX 207m2 3N2WC full nội thất đẹp đang cho thuê 1,5 tỉ/năm ở Metropolis giá 33,5tỷ","33,5 tỷ",207 m²,"161,84 tr/m²",7,3,"Ngọc Khánh, Ba Đình","21.032386921045539, 105.81688114859405"
39165614,22/02/2025,"Bán gấp căn hộ chung cư tại Grandeur Palace 138B Giảng Võ, 128m2, 3PN, full đồ",Giá thỏa thuận,128 m²,N/A,3,2,"Kim Mã, Ba Đình","21.0287971496582, 105.825675964355"
40760026,22/02/2025,Em Huy cần bán nhanh căn hộ 3PN góc tầm view hướng thủy tuyệt mỹ view hồ độc nhất tại Hà Nội,"18,5 tỷ",126 m²,"146,82 tr/m²",3,2,"Thành Công, Ba Đình","21.0189781188965, 105.815910339355"
41303689,22/02/2025,"Cần bán căn hộ 75m2 tòa 195 Đội Cấn thiết kế 2 ngủ, 2vs. Giá 5,5 tỷ","5,5 tỷ",75 m²,"73,33 tr/m²",2,2,"Đội Cấn, Ba Đình","21.035307132332, 105.825167153367"
41670435,22/02/2025,Chào bán căn góc 4 ngủ hoa hậu Metropolis Liễu Giai | view Hồ Tây cực vip,"27,9 tỷ","133,9 m²","208,36 tr/m²",4,N/A,"Ngọc Khánh, Ba Đình","21.03326988220215, 105.81670379638672"
42131830,21/02/2025,Bán siêu phẩm 4PN 148.8m2 Vinhomes Metropolis 25 Liễu Giai view thoáng trực diện Hồ Tây,25 tỷ,"148,8 m²","168,01 tr/m²",4,3,"Ngọc Khánh, Ba Đình","21.0332229701049, 105.81673323514"
42205926,21/02/2025,"Qũy căn bán chuyển nhượng Vinhomes Metroposlis 1PN, 2PN,3PN,4PN giá tốt căn đẹp(cập nhật 2025)","12,5 tỷ",80 m²,"156,25 tr/m²",2,2,"Ngọc Khánh, Ba Đình","21.033398271951285, 105.81606429767011"
42225152,21/02/2025,Chính chủ gửi bán tập thể A4 Giảng Võ sử dụng 100m2,"3,75 tỷ",100 m²,"37,5 tr/m²",3,2,"Giảng Võ, Ba Đình","21.0251366693897, 105.818719127488"
42069320,21/02/2025,"Bán suất ngoại giao căn 3PN 106m2 view hồ đẹp nhất dự án Nelson, tặng chuyến du lịch HQ, MPDV 2 năm","13,4 tỷ",106 m²,"126,42 tr/m²",3,2,"Thành Công, Ba Đình","21.020225586867063, 105.81919702840575"
42136118,21/02/2025,Bán gấp căn hộ DT 120m2 3PN 2WC phố Giảng Võ - Núi Trúc tặng full nội thất nhập khẩu giá chỉ 1x tỷ,"12,99 tỷ",120 m²,"108,25 tr/m²",3,2,"Kim Mã, Ba Đình","21.0295900889167, 105.82313332228"
41663816,21/02/2025,"Bán CC The Nelson Private Residences, 130 triệu/m2, 100m2, Láng Hạ, Ba Đình, HN, giá ưu đãi",13 tỷ,100 m²,130 tr/m²,N/A,N/A,"Thành Công, Ba Đình","21.020708, 105.81897"
41911954,21/02/2025,"Siêu hiếm bán căn 2PN 89,8m2 tầng đẹp full nội thất cao cấp đang cho thuê 47tr/th đã có sổ hồng",12 tỷ,"89,8 m²","133,63 tr/m²",2,2,"Kim Mã, Ba Đình","21.0287971496582, 105.825675964355"
41821844,21/02/2025,"Siêu hiếm căn góc 3PN 113,8m2 tầng đẹp full nội thất cao cấp đang cho thuê 70tr/th đã có sổ hồng",18 tỷ,"113,8 m²","158,17 tr/m²",3,2,"Kim Mã, Ba Đình","21.02898125359887, 105.82613610329034"
41248559,21/02/2025,"Cần bán gấp căn hộ chung cư B6 Giảng Võ The Golden Armor, 80m2, 2PN, 2WC. LH: 0982 914 ***",Giá thỏa thuận,80 m²,N/A,2,2,"Giảng Võ, Ba Đình","21.0296936035156, 105.821510314941"
38714529,21/02/2025,"Gia đình cần bán căn 3PN tại Thành Công Tower - 57 Láng Hạ 172m2, có slot oto. LH 0372 004 ***","14,25 tỷ",190 m²,75 tr/m²,4,2,"Thành Công, Ba Đình","21.01926040649414, 105.81726837158203"
41305122,21/02/2025,"Bán gấp căn hộ chung cư cao cấp Grandeur Palace - 138B Giảng Võ, 153m2, 3PN, ban công Đông Nam, đẹp",Giá thỏa thuận,153 m²,N/A,3,3,"Kim Mã, Ba Đình","21.0287971496582, 105.825675964355"
41856052,21/02/2025,Bán căn hộ Golden Armor B6 Giảng Võ 110m2 thiết kế 3 phòng ngủ 2 vệ sinh nhà đẹp liên hệ 0984 847 ***,"13,5 tỷ",110 m²,"122,73 tr/m²",3,2,"Giảng Võ, Ba Đình","21.0296276717214, 105.82185475304"
42216705,21/02/2025,Chính chủ bán căn chung cư vị trí VIP Ba Đình - 146m2 x 3 ngủ,"9,5 tỷ",146 m²,"65,07 tr/m²",3,2,"Vĩnh Phúc, Ba Đình","21.0423161892545, 105.814316425837"
42232399,21/02/2025,"Chính chủ cần bán gấp căn hộ The Golden Armor - B6 Giảng Võ, 75m2, 2 ngủ, giá tốt. LH 0972 709 ***",Giá thỏa thuận,75 m²,N/A,2,2,"Giảng Võ, Ba Đình","21.029056832277014, 105.82124447546455"
40658130,21/02/2025,"Giảm 1 tỷ, gia đình bán nhanh chuyển đi Canada căn hộ lô góc Lancaster Núi Trúc DT 126m2 - 3PN 3WC","11,5 tỷ",126 m²,"91,27 tr/m²",3,3,"Giảng Võ, Ba Đình","21.028810501098633, 105.82356262207031"
40910450,21/02/2025,"Giảm 1 tỷ, gia đình cần bán căn hộ 3 PN rộng Lancaster Núi Trúc 114m2, thiết kế sáng thoáng","9,8 tỷ",114 m²,"85,96 tr/m²",3,2,"Giảng Võ, Ba Đình","21.0288105010986, 105.82356262207"
40422411,21/02/2025,"Bán căn hộ cao cấp Platinum số 6 Nguyễn Công Hoan, diện tích 112m2, 2 ngủ, view hồ Giảng Võ.",Giá thỏa thuận,112 m²,N/A,2,2,"Ngọc Khánh, Ba Đình","21.0270671844482, 105.817451477051"
42232126,21/02/2025,"Bán gấp CH cao cấp tại Grandeur Palace - 138B Giảng Võ, 128m2, 3PN, full nội thất LH: 0975 864 ***",Giá thỏa thuận,128 m²,N/A,3,2,"Kim Mã, Ba Đình","21.0295270288973, 105.825156593212"
42231622,21/02/2025,Bán gấp! Căn hộ chung cư Newtatco phố Vĩnh Phúc - Ba Đình - Hà Nội,"4,5 tỷ","71,3 m²","63,11 tr/m²",2,2,"Vĩnh Phúc, Ba Đình","21.042672174131464, 105.80762869768938"
42189288,21/02/2025,"Bán gấp CH cao cấp Tại The Lancaster - 20 Núi Trúc, 139m2, 3PN, full nội Thất Liên Hê: 0975 864 ***",Giá thỏa thuận,139 m²,N/A,3,3,"Giảng Võ, Ba Đình","21.0287636779627, 105.82326835869"
42131867,21/02/2025,"Căn 2PN 2 WC rất hiếm ,VIEW HỒ HOÀNG CẦU ĐẸP NHẤT ,CK 2,5% - HTLS 0% ,29 LÁNG HẠ QUẬN BA ĐÌNH",Giá thỏa thuận,83 m²,N/A,2,2,"Thành Công, Ba Đình","21.020396324477868, 105.81938326909381"
41672690,21/02/2025,Bán chung cư cao cấp The Nelson 29 Láng Hạ Ba Đình Hà Nội - Giá từ 120 triệu /m2,"9,96 tỷ",83 m²,120 tr/m²,2,2,"Thành Công, Ba Đình","21.0207080841064, 105.818969726563"
40177171,21/02/2025,"Bán căn penthouse tại Aqua Central 44 Yên Phụ, DT 500m2, thông tầng 4 - 5PN, nội thất nhập khẩu",Giá thỏa thuận,500 m²,N/A,4,4,"Trúc Bạch, Ba Đình","21.044472, 105.84563"
42230061,21/02/2025,"Tập thể 7,2 ha Vĩnh Phúc - Ba Đình - Tầng 3 - full nội thất - ô tô đỗ quanh nhà - vị trí đẹp","4,55 tỷ",43 m²,"105,81 tr/m²",2,2,"Vĩnh Phúc, Ba Đình","21.0442340573358, 105.810148207623"
27697432,21/02/2025,Bán giá sốc căn Vinhomes Metropolis 148m2 tòa M3 căn 10 4PN tầng 20 view hồ Tây. LH 0945 575 ***,Giá thỏa thuận,148 m²,N/A,4,N/A,"Ngọc Khánh, Ba Đình","21.0332698822021, 105.816703796387"
42048109,21/02/2025,"Bán căn hộ tập thể mặt đường 19, phố Liễu Giai","3,45 tỷ",60 m²,"57,5 tr/m²",2,1,"Liễu Giai, Ba Đình","21.0335607482847, 105.813596187759"
42229977,21/02/2025,Bán CCMN 50m2 2 phòng ngủ 1 khách,"1,62 tỷ",50 m²,"32,4 tr/m²",2,1,"Vĩnh Phúc, Ba Đình","21.0460333455356, 105.811419962638"
36214363,21/02/2025,Căn 500m2 skyvillas tòa M3 có bể bơi cần bán,Giá thỏa thuận,500 m²,N/A,5,3,"Ngọc Khánh, Ba Đình","21.03326988220215, 105.81670379638672"
36160431,21/02/2025,Bán căn hộ 143m2 tòa M2 mã căn 11,23 tỷ,143 m²,"160,84 tr/m²",4,3,"Ngọc Khánh, Ba Đình","21.0332698822021, 105.816703796387"
41446923,21/02/2025,"Tôi cần bán gấp căn hộ cao cấp tại Lancaster 20 Núi Trúc, 116m2, 3PN, ban công rộng",Giá thỏa thuận,116 m²,N/A,3,2,"Giảng Võ, Ba Đình","21.028810501098633, 105.82356262207031"
42009943,21/02/2025,"Bán nhanh CHCC The Lancaster 20 Núi Trúc, Ba Đình, 120m2, 3PN full đồ, 0983 951 ***",Giá thỏa thuận,120 m²,N/A,3,2,"Giảng Võ, Ba Đình","21.02918900267576, 105.82375054048237"
42191366,21/02/2025,"Bán gấp nhà TT ngân hàng trung ương 50B Châu Long. DT 45m2 view nhìn hồ Trúc Bạch, vị trí trung tâm","3,8 tỷ",45 m²,"84,44 tr/m²",N/A,N/A,"Trúc Bạch, Ba Đình","21.0454592457225, 105.842478576322"
41995796,21/02/2025,Chính chủ bán nhanh căn 72m2 chung cư 195 Đội Cấn full nội thất cực đẹp giá chỉ nhỉnh 5 tỷ,"5,6 tỷ",72 m²,"77,78 tr/m²",2,2,"Đội Cấn, Ba Đình","21.0349039959492, 105.82536999646"
38543622,21/02/2025,"Tôi cần bán CHCC 93m2 3PN full nội thất xịn chung cư 671 Hoàng Hoa Thám giá 6.5 tỷ, LH 0978 723 ***","6,5 tỷ",93 m²,"69,89 tr/m²",3,2,"Liễu Giai, Ba Đình","21.0470561981201, 105.807746887207"
26738181,21/02/2025,Chung cư mini Kim Mã - Đội Cấn - Giang Văn Minh nội thất cao cấp giá hấp dẫn,860 triệu,33 m²,"26,06 tr/m²",1,N/A,"Kim Mã, Ba Đình","21.031921, 105.82514"
30200660,21/02/2025,"Chung cư N1 Đội Cấn - Liễu Giai full nội thất gần mặt đường, có bãi gửi ô tô",Giá thỏa thuận,35 m²,N/A,1,1,"Liễu Giai, Ba Đình","21.0402033, 105.8160685"
36053367,21/02/2025,Gia đình cần bán căn hộ 03 căn góc DT 119.5m2 3PN đẹp nhất tại số 08 Lê Trực Ba Đình. LH 0936 117 ***,Giá thỏa thuận,"119,5 m²",N/A,3,2,"Điện Biên, Ba Đình","21.0324192047119, 105.831359863281"
41765822,21/02/2025,Danh sách mở bán các căn hộ 2PN trực tiếp CĐT CC cao cấp Discovery Central 67 Trần Phú,"5,82 tỷ",71 m²,"81,97 tr/m²",2,2,"Điện Biên, Ba Đình","21.03242, 105.83136"
40679666,21/02/2025,Chỉ với 4 tỷ! Bạn đã sở hữu ngay căn hộ 2 phòng ngủ 1 WC diện tích 60m2 tại chung cư Số 6 Đội Nhân,Giá thỏa thuận,60 m²,N/A,2,1,"Vĩnh Phúc, Ba Đình","21.041636, 105.811874"
42167897,21/02/2025,"Bán tập thể Giảng Võ - Ngọc Khánh, Ba Đình, nhà đẹp - phố VIP, 3 ngủ đẹp, Ô tô đỗ chân toà","4,1 tỷ",80 m²,"51,25 tr/m²",3,2,"Ngọc Khánh, Ba Đình","21.0290370163132, 105.812950818418"
41827463,21/02/2025,Chủ nhà thiện chí bán căn hộ 3 phòng ngủ giá tốt tại chung cư Aqua Central Yên Phụ. Lh: 0906 244 ***,Giá thỏa thuận,120 m²,N/A,3,2,"Trúc Bạch, Ba Đình","21.0444717407227, 105.845626831055"
40675108,21/02/2025,"Bán căn hộ chung cư 6 Đội Nhân, 60 m2, 2 PN, full đồ, tầng cao, view thoáng, giá 4 tỷ",4 tỷ,60 m²,"66,67 tr/m²",2,N/A,"Vĩnh Phúc, Ba Đình","21.0416355133057, 105.811874389648"
42227103,21/02/2025,Mở bán dự án chung cư The Nelson 29 Láng Hạ quỹ căn đẹp nhất dự án liên hệ 0822 238 ***,Giá thỏa thuận,109 m²,N/A,3,2,"Thành Công, Ba Đình","21.020708084106445, 105.8189697265625"
38086045,21/02/2025,"Bán căn penthouse Aqua Central diện tích 470m2, 5PN, BC Bắc. Giá thoả thuận. LH 0906 244 ***",Giá thỏa thuận,470 m²,N/A,5,4,"Trúc Bạch, Ba Đình","21.044471740722656, 105.84562683105469"
42125856,21/02/2025,"Hot! Hot! Hot! Chỉ từ 6,5 tỷ sở hữa căn hộ hạng sang tại trung tâm quận Ba Đình","11,2 tỷ",83 m²,135 tr/m²,2,2,"Thành Công, Ba Đình","21.0206408971741, 105.818708344183"
32639133,21/02/2025,"PKD CĐT cập nhật quỹ căn VIP tại Diamond Park 16 Láng Hạ, suất ngoại giao 1PN-3PN. Giá tốt-đã có sổ","5,9 tỷ",56 m²,"105,36 tr/m²",1,1,"Thành Công, Ba Đình","21.019416809082, 105.816879272461"
39153222,21/02/2025,"Mở bán chung cư mới phố Nguyễn Trãi - Quan Nhân - Thanh Xuân , Hà Nội","1,84 tỷ",58 m²,"31,72 tr/m²",2,1,"Đội Cấn, Ba Đình","21.004092007703647, 105.81630652114005"
42223569,21/02/2025,"Tập thể T2 Thành Công, mặt đường ô tô tránh, 3PN, 2WC full nội thất 4.35 tỷ","4,35 tỷ",100 m²,"43,5 tr/m²",3,2,"Thành Công, Ba Đình","21.0215160854477, 105.815574499588"
41921313,21/02/2025,"Em tập thể Thành Công. Ba Đình. HN. Tầng 2. DT hẳn 100m. Lô góc 3 mặt thoáng giá chỉ 4,32 tỷ có TL","4,32 tỷ",100 m²,"43,2 tr/m²",3,2,"Thành Công, Ba Đình","21.0219160516251, 105.815702466621"
41910406,21/02/2025,"Tập thể mặt phố Nguyên Hồng Thành Công Ba Đình HN. Ô tô tránh. Lô góc. 50m2 giá chỉ 3,15 tỷ có TL","3,15 tỷ",50 m²,63 tr/m²,2,1,"Thành Công, Ba Đình","21.0214769392979, 105.811883076104"
41818791,21/02/2025,"Bán tập thể Thành Công Ba Đình HN 2 thoáng cả đời vĩnh viễn 75m2 có 3 ngủ VSKK 3,48 tỷ có TL","3,48 tỷ",75 m²,"46,4 tr/m²",3,1,"Thành Công, Ba Đình","21.0219477703654, 105.815715161841"
42223213,20/02/2025,"13,5 tỷ căn hộ 124m2 view hồ, Diamond Park Plaza 16 Láng Hạ - Ba Đình - Hà Nội 0967 522 ***","13,5 tỷ",124 m²,"108,87 tr/m²",N/A,N/A,"Thành Công, Ba Đình","21.01888026043685, 105.81667863331441"
41592412,20/02/2025,Bán căn hộ số 195 Đội Cấn diện tích 75m2 giá giảm mạnh 5.x tỷ,"5,25 tỷ",75 m²,70 tr/m²,2,2,"Đội Cấn, Ba Đình","21.035255374311, 105.82550486491"
36600892,20/02/2025,"Cần bán căn hộ The Golden Armor - B6 Giảng Võ, 103.4m2 3 ngủ, đủ đồ. LH 0945 894 ***",Giá thỏa thuận,"103,4 m²",N/A,3,2,"Giảng Võ, Ba Đình","21.0296936035156, 105.821510314941"
34650183,20/02/2025,"Bán căn hộ cao cấp Lancaster, 20 Núi Trúc, 143m2 03 ngủ view hồ, ban công Đông Nam. LH 0945 894 ***",Giá thỏa thuận,143 m²,N/A,3,2,"Giảng Võ, Ba Đình","21.0288105010986, 105.82356262207"
40932951,20/02/2025,Chủ đầu tư mở bán 1 căn duy nhất vào tên trực tiếp trên hợp đồng mua bán. Diện tích 160m2 - 4PN3WC,"9,6 tỷ",160 m²,60 tr/m²,4,3,"Thành Công, Ba Đình","21.02042857719731, 105.81565678757674"
41757776,20/02/2025,"Cần bán căn duplex duy nhất Grandeur Palace - 138B Giảng Võ, giá thỏa thuận. Lh: 0942 033 ***",Giá thỏa thuận,310 m²,N/A,3,3,"Kim Mã, Ba Đình","21.028797, 105.825676"
42220719,20/02/2025,"Bán gấp căn hộ chung cư số 06 Đội Nhân, 60 m2, 2PN, đủ đồ, tầng cao, view đẹp, 3.8 tỉ. 0963 668 ***","3,8 tỷ",60 m²,"63,33 tr/m²",2,1,"Vĩnh Phúc, Ba Đình","21.0412814030859, 105.811493845274"
40435742,20/02/2025,"Cần bán gấp căn hộ Platinum Residences 6 Nguyễn Công Hoan 108m2, 2 ngủ, giá bán 9 tỷ.LH: 0982 914 ***",9 tỷ,108 m²,"83,33 tr/m²",2,2,"Ngọc Khánh, Ba Đình","21.0270671844482, 105.817451477051"
39176853,20/02/2025,"Chính chủ cần bán gấp CH Grandeur Palace 138B Giảng Võ, 87m2, 2PN, đủ đồ giá chỉ 11 tỷ","11,5 tỷ",87 m²,"132,18 tr/m²",2,2,"Kim Mã, Ba Đình","21.0287971496582, 105.825675964355"
39196881,20/02/2025,Chính chủ bán nhanh căn 3 ngủ 120m2 đã sổ đỏ full nội thất cao cấp Hanoi Aqua Central 44 Yên Phụ,14 tỷ,120 m²,"116,67 tr/m²",3,2,"Trúc Bạch, Ba Đình","21.0444717407227, 105.845626831055"
41341465,20/02/2025,"Bán căn hộ tòa 195 Đội Cấn, DT 80m2 căn góc 2PN - 2WC giá 5 tỷ TL",5 tỷ,80 m²,"62,5 tr/m²",2,2,"Đội Cấn, Ba Đình","21.0347536063317, 105.825437864646"
41694861,20/02/2025,"Bán gấp căn hộ chung cư Hà Nội Aqua Central 44 Yên Phụ, 120m2, 3PN, đủ đồ xịn, 13.6 tỉ. 0963 668 ***","13,6 tỷ",120 m²,"113,33 tr/m²",3,2,"Trúc Bạch, Ba Đình","21.0444717407227, 105.845626831055"
42219165,20/02/2025,"Bán căn 2PN 77,6m2 cc Grandeur Palace Giảng Võ, nội thất mới, nhà đẹp sẵn sổ đỏ liên hệ: 0822 238 ***","12,5 tỷ","77,6 m²","161,08 tr/m²",2,2,"Kim Mã, Ba Đình","21.0280384416533, 105.825959671768"
41048724,20/02/2025,"Bán căn 131m2 tòa nhà Thành Công Tower số 57 Láng Hạ view hồ Đống Đa, có slot ô tô. Full nội thất",9 tỷ,131 m²,"68,7 tr/m²",3,2,"Thành Công, Ba Đình","21.01926, 105.81727"
21809936,20/02/2025,Chính chủ bán gấp căn hộ 2PN 83m2 M3 căn 06 Vinhomes Metropolis 29 Liễu Giai,"11,8 tỷ",83 m²,"142,17 tr/m²",2,2,"Ngọc Khánh, Ba Đình","21.0317993164063, 105.814193725586"
42185504,20/02/2025,Bán gấp căn hộ tập thể Ngân Hàng Trung Ương Phố Châu Long. 45 m2 giá 3.8 tỷ,"3,8 tỷ",45 m²,"84,44 tr/m²",2,1,"Trúc Bạch, Ba Đình","21.0451164134843, 105.842452851446"
42218474,20/02/2025,Chính chủ cần bán tập thể Ban Đối Ngoại TW Kim Mã số 409.4 Kim Mã,"2,98 tỷ",65 m²,"45,85 tr/m²",2,2,"Kim Mã, Ba Đình","21.0318914774796, 105.825012685509"
40557752,20/02/2025,"Penthouse 2 tầng 500m2, view paroma 360 độ Sông Hồng, Hồ Tây, Phố Cổ. Có sân vườn bể bơi tràn viền",100 tỷ,500 m²,200 tr/m²,5,5,"Trúc Bạch, Ba Đình","21.044472, 105.84563"
41933280,20/02/2025,"Mở bán đợt 1 căn hộ hạng sang The Nelson Private Residences - Ba Đình. Giá 13,6 tỷ/106m2. CK 2,5%","13,6 tỷ",106 m²,"128,3 tr/m²",3,2,"Thành Công, Ba Đình","21.020496236936, 105.818592443585"
41930441,20/02/2025,"Mở bán đợt 1 căn hộ hạng sáng The Nelson Private Residences - Ba Đình. Gía 11,4 tỷ/87m2. CK 2,5%","11,4 tỷ",87 m²,"131,03 tr/m²",2,2,"Thành Công, Ba Đình","21.0205913711731, 105.818969027589"
42209734,20/02/2025,"Cần bán nhanh Vinhomes Metropolis DT 120,2m2 toà M2, 3PN 2VS căn góc","20,4 tỷ","120,2 m²","169,72 tr/m²",3,2,"Ngọc Khánh, Ba Đình","21.033509591465034, 105.81648140001086"
42216790,20/02/2025,Gấp! Chính chủ cần sang tên căn hộ cao cấp 2PN (DT 87m2) - dự án Nelson 29 Láng Hạ,"9,5 tỷ",87 m²,"109,2 tr/m²",2,2,"Thành Công, Ba Đình","21.0208580340464, 105.81845181243938"
42047384,20/02/2025,"Bán CH DT:65m2 siêu hiếm tại Grandeur Palace 138B Giảng Võ, Tầng 16, View Hồ Tây, LH 0971 366 ***",Giá thỏa thuận,65 m²,N/A,2,1,"Kim Mã, Ba Đình","21.02840156759181, 105.82528493031742"
42216296,20/02/2025,"Bán căn hộ cao cấp 3PN, 106m2 tại The Nelson Private Residences, 14 tỷ VND",14 tỷ,106 m²,"132,07 tr/m²",3,2,"Thành Công, Ba Đình","21.02030095686079, 105.818494300079"
41949865,20/02/2025,"Chính chủ bán chung cư 15-17 Ngọc Khánh 123m2, 3PN 2VS. Giá: 9,2 tỷ. LH: 0965 960 ***","9,2 tỷ",123 m²,"74,8 tr/m²",3,2,"Giảng Võ, Ba Đình","21.0281015969919, 105.817863913028"
39355393,20/02/2025,Độc quyền-phân phối quỹ căn hộ Lancaster 20 Núi Trúc đẹp nhất dự án giá rẻ và chính chủ (T2/2025),Giá thỏa thuận,125 m²,N/A,3,3,"Giảng Võ, Ba Đình","21.0288105010986, 105.82356262207"
42187733,20/02/2025,"2025- Gia đình mình cần bán căn góc 145m2 chính chủ view hồ Giảng Võ, căn đẹp nhất giá rẻ!",Giá thỏa thuận,145 m²,N/A,3,3,"Giảng Võ, Ba Đình","21.028492324617122, 105.82359003360868"
42165626,20/02/2025,"Bán gấp CH cao cấp Tại The Lancaster -20 Núi Trúc, 139m2, 3PN, full nội thất giá 13Tỷ LH:0975 864 ***",13 tỷ,139 m²,"93,52 tr/m²",3,3,"Giảng Võ, Ba Đình","21.02847725824733, 105.82319903942799"
40168495,20/02/2025,"Bán căn hộ B6 Giảng Võ - The Golden Armor, DT 84m2 2 ngủ giá 7 tỷ. Lh 0945 894 ***",7 tỷ,84 m²,"83,33 tr/m²",2,2,"Giảng Võ, Ba Đình","21.0296936035156, 105.821510314941"
42189208,20/02/2025,"Bán cc 15/17 Ngọc Khánh, diện tích 123m2, giá bán nhỉnh 9 tỷ. Tell 0934 288 ***","9,5 tỷ",123 m²,"77,24 tr/m²",3,2,"Giảng Võ, Ba Đình","21.02700659404947, 105.81739376929299"
41340961,20/02/2025,Mở bán dự án chung cư The Nelson 29 Láng Hạ quỹ căn đẹp nhất dự án liên hệ 0822 238 ***,Giá thỏa thuận,109 m²,N/A,3,2,"Thành Công, Ba Đình","21.020708084106445, 105.8189697265625"
40234634,20/02/2025,Tôi bán nhà căn góc tầng 9 DT 130m2 (nội thất 2 tỷ) tại Vin 29 Liễu Giai,"20,5 tỷ",130 m²,"157,69 tr/m²",2,2,"Ngọc Khánh, Ba Đình","21.03327, 105.8167"
40181831,20/02/2025,"Bán căn 3PN diện tích 115m2, giá 17.6 tỷ","17,6 tỷ",115 m²,"153,04 tr/m²",3,2,"Ngọc Khánh, Ba Đình","21.0332698822021, 105.816703796387"
41933838,20/02/2025,"Mở bán căn hộ Nelson Private Residence cao cấp, xứng tầm sở hữu, 29 Láng Hạ, Đống Đa",Giá thỏa thuận,83 m²,N/A,2,2,"Thành Công, Ba Đình","21.02075764936, 105.819313801897"
42214464,20/02/2025,Toà nhà A khu nhà ở số 6 Đội Nhân 3PN,6 tỷ,"94,2 m²","63,69 tr/m²",3,2,"Vĩnh Phúc, Ba Đình","21.0415529323235, 105.812771760659"
42124479,19/02/2025,"Cần bán gấp căn hộ 3PN Hòa Bình Green Apartment 115m2 tầng trung ban công ĐN, giá 7,4 tỷ","7,4 tỷ",115 m²,"64,35 tr/m²",3,2,"Vĩnh Phúc, Ba Đình","21.041237078323313, 105.80776071152852"
41926070,19/02/2025,"Trực tiếp quỹ CĐT dự án căn hộ cao cấp The Nelson - trung tâm quận ba Đình, view trọn hồ Hoàng Cầu","15,69 tỷ",106 m²,148 tr/m²,3,2,"Thành Công, Ba Đình","21.020566594873472, 105.81901911206202"
34975276,19/02/2025,"Bán gấp - chung cư C1 Đội Cấn - Văn Cao - Ba Đình, nội thất đầy đủ, sổ hồng vĩnh viễn",800 triệu,38 m²,"21,05 tr/m²",2,2,"Đội Cấn, Ba Đình","21.0349161, 105.8253805"
41951925,19/02/2025,"Trực tiếp chủ đầu tư bán căn hộ The Nelson 29 Láng Hạ giá từ 11.3tỷ/căn 2PN, 13.5tỷ/căn 3PN full NT","13,5 tỷ",106 m²,"127,36 tr/m²",3,2,"Thành Công, Ba Đình","21.0204374650082, 105.818368872649"
42212464,19/02/2025,"Gia đình tôi cần bán căn nhà ngõ 92 Cửa Bắc 105m2 nhà tầng 5, TK 4 PN giá 3,3 tỷ","3,3 tỷ",105 m²,"31,43 tr/m²",4,N/A,"Quán Thánh, Ba Đình","21.0429270623616, 105.842643834048"
41058070,19/02/2025,"Chính chủ bán gấp căn 3N 105m full gỗ xịn tại Metropolis, sổ sẵn giao dịch trong tuần Lh 0702 266 ***","18,5 tỷ",105 m²,"176,19 tr/m²",3,2,"Ngọc Khánh, Ba Đình","21.03326988220215, 105.81670379638672"
42209830,19/02/2025,"Căn hộ 2PN, 2VS, 83m2 view hồ Hoàng Cầu dự án The Nelson Private Residences, 29 Láng Hạ","11,4 tỷ",83 m²,"137,35 tr/m²",2,2,"Thành Công, Ba Đình","21.0210826557464, 105.818996021453"
41711645,19/02/2025,Chính chủ gửi bán căn duplex đẹp nhất dự án,"35,1 tỷ",234 m²,150 tr/m²,4,3,"Ngọc Khánh, Ba Đình","21.03326988220215, 105.81670379638672"
41930526,19/02/2025,"Bán chung cư 195 Đội Cấn, Phường Đội Cấn, Ba Đình, Hà Nội. 75 m2, căn góc đẹp LH: 0986 399 ***",Giá thỏa thuận,75 m²,N/A,2,2,"Đội Cấn, Ba Đình","21.0351825388661, 105.825280599335"
42210412,19/02/2025,"Chung cư mới tinh 55m2 x 2 ngủ x Vĩnh Phúc - Ba Đình 2,1 tỷ (tặng fun đồ như ảnh) ban công rộng","2,1 tỷ",55 m²,"38,18 tr/m²",2,2,"Vĩnh Phúc, Ba Đình","21.0441544156652, 105.81008043145"
42210409,19/02/2025,"Bán chung cư cao cấp 80m2 tại The Golden Armor, B6 Giảng Võ, 2PN, có nội thất",Giá thỏa thuận,80 m²,N/A,2,2,"Giảng Võ, Ba Đình","21.02978741137283, 105.82128387754071"
42197087,19/02/2025,"Giá tốt - Chung cư B6 Giảng Võ 74,3m2 2 phòng ngủ full nội thất, tầng trung đẹp, ở luôn 0964 460 ***","9,1 tỷ","74,3 m²","122,48 tr/m²",2,2,"Giảng Võ, Ba Đình","21.029466767055446, 105.82149536334639"
42209763,19/02/2025,Suất ngoại giao căn 3PN chung cư cao cấp Lancaster Núi Trúc giá tốt,Giá thỏa thuận,116 m²,N/A,3,2,"Giảng Võ, Ba Đình","21.02873123452879, 105.82353722605849"
41320573,19/02/2025,"Bán gấp căn hộ chung cư cao cấp Platinum Residences, 108m2, 2PN, ban công hướng mát",Giá thỏa thuận,108 m²,N/A,2,2,"Ngọc Khánh, Ba Đình","21.0270671844482, 105.817451477051"
41997669,19/02/2025,"Bán căn hộ chung cư toà nhà 195 Đội Cấn, Ba Đình 72m2, thiết kế 2 ngủ, 2 wc. LH 0971 405 ***",Giá thỏa thuận,72 m²,N/A,2,2,"Đội Cấn, Ba Đình","21.0347508810429, 105.825542865612"
41364353,19/02/2025,"Bán gấp căn hộ vip tòa Lancaster Hà Nội, 143m2, căn góc 3PN, có nội thất xịn, căn hiếm",Giá thỏa thuận,143 m²,N/A,3,3,"Giảng Võ, Ba Đình","21.0288105010986, 105.82356262207"
39810402,19/02/2025,"Bán chung cư cao cấp Lancaster-20 Núi Trúc, 1 - 2 - 3 - 4PN, 45m2 - 120m2 - 270m2 - 700m2, giá tốt",Giá thỏa thuận,270 m²,N/A,4,4,"Giảng Võ, Ba Đình","21.0288105010986, 105.82356262207"
35958847,19/02/2025,Bán gấp: Căn hộ 80m2 view nội khu giá 12 tỷ đủ đồ,12 tỷ,80 m²,150 tr/m²,2,2,"Ngọc Khánh, Ba Đình","21.0332698822021, 105.816703796387"
42207017,19/02/2025,"Căn hộ ngân hàng nhà nước mặt phố Châu Long, Trúc Bạch, 45m2, 2 ngủ full nội thất giá 3 tỷ hơn","3,55 tỷ",45 m²,"78,89 tr/m²",2,1,"Quán Thánh, Ba Đình","21.0440134124814, 105.842134321714"
42206935,19/02/2025,Bán TT ban đối ngoại TW Kim Mã - Ba Đình - 3tỷ,3 tỷ,65 m²,"46,15 tr/m²",2,2,"Kim Mã, Ba Đình","21.0321054408069, 105.824977256603"
41426088,19/02/2025,"Bán căn 205m2 tòa nhà Thành Công Tower số 57 Láng Hạ view hồ Đống Đa, có slot ô tô. Full nội thất","16,5 tỷ",205 m²,"80,49 tr/m²",4,2,"Thành Công, Ba Đình","21.0192604064941, 105.817268371582"
41736479,19/02/2025,"Căn hộ chung cư cao cấp view toàn cảnh hồ Hoàng Cầu, hồ Thành Công, hồ Giảng Võ",Giá thỏa thuận,83 m²,N/A,2,2,"Thành Công, Ba Đình","21.020708, 105.81897"
41942122,19/02/2025,Cần bán trước tết căn hộ cao cấp tại The Golden Armor B6 Giảng Võ Dt 92m2 3 ngủ đủ đồ giá 10. X tỷ,Giá thỏa thuận,92 m²,N/A,3,2,"Giảng Võ, Ba Đình","21.030158359472868, 105.82181742055023"
30578664,19/02/2025,"Bán căn hộ Platinum Residences - 6 Nguyễn Công Hoan, 108m2 02 ngủ, view hồ. LH 0945 894 ***",Giá thỏa thuận,108 m²,N/A,2,2,"Ngọc Khánh, Ba Đình","21.0270671844482, 105.817451477051"
42200832,19/02/2025,Chính chủ - bán chung cư H2 Đội Cấn - Ngọc Hà - Ba Đình - full nội thất,800 triệu,35 m²,"22,86 tr/m²",1,1,"Điện Biên, Ba Đình","21.0355435939852, 105.818945873816"
41692724,19/02/2025,Chính chủ cần bán P407 Tập Thể Ban Đối Ngoại TW Kim Mã(số 409.4 Kim Mã) Ba Đình,"2,98 tỷ",65 m²,"45,85 tr/m²",2,N/A,"Ngọc Khánh, Ba Đình","21.0295452686661, 105.809563329244"
40100343,19/02/2025,"Bán gấp căn hộ studio 50m2 full nội thất nhập khẩu cao cấp tại Lancaster Núi Trúc, giá chỉ 5 tỷ",5 tỷ,50 m²,100 tr/m²,1,1,"Giảng Võ, Ba Đình","21.0288105010986, 105.82356262207"
42204469,19/02/2025,"Bán căn hộ tòa nhà 15 - 17 Ngọc Khánh, DT 125 m2, 3 PN, 2 phụ, giá 9,3 tỷ","9,3 tỷ",125 m²,"74,4 tr/m²",3,2,"Giảng Võ, Ba Đình","21.026804405907182, 105.81787395784072"
42203575,19/02/2025,"Bán căn hộ đẹp, nhiều tiện ích tại Hòa Bình Green Apartment, 5,25 tỷ, 70m2","5,25 tỷ",70 m²,75 tr/m²,2,2,"Vĩnh Phúc, Ba Đình","21.04065448200541, 105.80768040902788"
40750945,18/02/2025,"Bán căn hộ 195m2 tòa nhà Lancaster Núi Trúc, 3PN, 4VS, nội thất siêu sang, tiện ích ngập tràn",Giá thỏa thuận,195 m²,N/A,3,4,"Giảng Võ, Ba Đình","21.0288105010986, 105.82356262207"
38152672,18/02/2025,"Bán penthouse siêu vip 310m2 phố Giảng Võ, Ba Đình. View hồ Giảng Võ đẳng cấp sống thượng lưu",Giá thỏa thuận,310 m²,N/A,5,5,"Kim Mã, Ba Đình","21.0287971496582, 105.825675964355"
42203580,18/02/2025,"The Nelson 29 Láng Hạ Căn hộ 2PN 83m - 87,4 m giá bán từ 11,6 tỉ Căn hộ 3PN 106m giá bán từ 13,6 tỉ","13,6 tỷ",106 m²,"128,3 tr/m²",3,2,"Thành Công, Ba Đình","21.02016051557655, 105.81848877291802"
41602251,18/02/2025,"Cần bán gấp Chung Cư Grandeur Palace 138B Giảng Võ, 154m2, 3PN, đủ đồ LH: 0814 332 ***",Giá thỏa thuận,154 m²,N/A,3,3,"Kim Mã, Ba Đình","21.0287971496582, 105.825675964355"
42203515,18/02/2025,"Cần bán gấp! Nhà tập thể ngay phố Phan Đình Phùng, sổ to 70m2, lô góc, 3 ngủ, full đồ ở ngay","4,89 tỷ",70 m²,"69,86 tr/m²",3,2,"Quán Thánh, Ba Đình","21.040769165826, 105.840946925824"
42201936,18/02/2025,"Bán gấp căn 2pn M2- Metropolis giá 13 tỷ, view hồ kim Mã, tầng trung đẹp. LH:0933 218 ***",13 tỷ,80 m²,"162,5 tr/m²",2,2,"Ngọc Khánh, Ba Đình","21.03270518364912, 105.81606348588515"
42201696,18/02/2025,"Bán căn hộ tầng 1 trong biệt thự pháp cổ - phố Trần Phú - Ba Đình 48 m2, 2 phòng ngủ, 1 vs 3.2 tỷ","3,2 tỷ",48 m²,"66,67 tr/m²",2,1,"Điện Biên, Ba Đình","21.0315492368881, 105.837261412349"
42094695,18/02/2025,Gia đình em cần bán nhanh căn hộ 2PN tại Vinhomes Metropolis Liễu Giai giá 9.1 tỷ full nội thất,"9,1 tỷ",76 m²,"119,74 tr/m²",2,2,"Ngọc Khánh, Ba Đình","21.033341374915242, 105.81637316372426"
41841346,18/02/2025,"Chính chủ bán căn góc 06 vip nhất BRG 16 Láng Hạ, nhận nhà ở ngay, giá thiện chí. LH 0904 859 ***",Giá thỏa thuận,"124,87 m²",N/A,3,2,"Thành Công, Ba Đình","21.019416809082, 105.816879272461"
40918966,18/02/2025,"Bán căn hộ cao cấp Grandeur Palace 138B Giảng Võ, 120m2, 3PN, full nội thất siêu sang. Có slot ô tô",Giá thỏa thuận,120 m²,N/A,3,2,"Kim Mã, Ba Đình","21.028797149658203, 105.82567596435547"
41592402,18/02/2025,"Bán căn 2 ngủ bàn giao thô cho khách, giá cực tốt tự do sáng tạo không gian",9 tỷ,83 m²,"108,43 tr/m²",2,2,"Thành Công, Ba Đình","21.0207080841064, 105.818969726563"
42200607,18/02/2025,Tập thể Thành Công - Ba Đình 3 phòng ngủ 42/100m2 tầng 3 giá 4.5 tỷ,"4,5 tỷ",42 m²,"107,14 tr/m²",3,2,"Thành Công, Ba Đình","21.0221133358972, 105.815764213416"
42199994,18/02/2025,Suất ngoại giao căn góc view hồ 106m2 (nội thất cao cấp) - Dự án Nelson Private Residences,"12,5 tỷ",106 m²,"117,92 tr/m²",3,2,"Thành Công, Ba Đình","21.02051038438279, 105.81910107688387"
42200101,18/02/2025,"Bán gấp CC 160m2 tại chung cư C1 Thành Công, giá thỏa thuận, 4PN, 4WC",Giá thỏa thuận,160 m²,N/A,4,4,"Thành Công, Ba Đình","21.021355184646108, 105.81585821023016"
42199704,18/02/2025,"Cần bán gấp căn hộ cao cấp The Golden Armor B6 Giảng Võ DT 84m2, 2 phòng ngủ full đồ, giá 9.1 tỷ","9,1 tỷ",84 m²,"108,33 tr/m²",2,2,"Giảng Võ, Ba Đình","21.029725720031564, 105.82155991263559"
42199470,18/02/2025,Cần bán căn hộ chung cư ở 195 Đội Cấn 80m2 giá 5 tỷ,5 tỷ,80 m²,"62,5 tr/m²",2,2,"Đội Cấn, Ba Đình","21.0347055981833, 105.825340437516"
35935137,18/02/2025,Vin liễu giai: Căn góc 120m2 view 4 hồ tại M3,"20,5 tỷ",120 m²,"170,83 tr/m²",3,2,"Ngọc Khánh, Ba Đình","21.0332698822021, 105.816703796387"
42099533,18/02/2025,"Bán căn hộ chung cư đẹp tại Đội Cấn, 5,9 tỷ, 72m2, 2PN, 2WC, tiện ích đầy đủ","5,9 tỷ",72 m²,"81,94 tr/m²",2,2,"Cống Vị, Ba Đình","21.0378725689485, 105.81083139448"
42194122,18/02/2025,"Bán CC 3PN, 2WC tại Vĩnh Phúc, Ba Đình, Hà Nội giá tốt 7,5 tỷ, 105m2","7,5 tỷ",105 m²,"71,43 tr/m²",3,2,"Vĩnh Phúc, Ba Đình","21.0412457535343, 105.80785051273462"
42198518,18/02/2025,"Bán gấp nhà tập thể Thành Công - Ba Đình, 60m2, 2 ngủ, full đồ ở luôn, chỉ 3,1 tỷ","3,1 tỷ",60 m²,"51,67 tr/m²",2,1,"Thành Công, Ba Đình","21.021675416314, 105.815616050802"
40536009,18/02/2025,"Gia đình cần bán căn góc 118m2 thiết kế 2 ngủ view hồ Giảng Võ, chính chủ giá rẻ, miễn TG",Giá thỏa thuận,118 m²,N/A,2,N/A,"Giảng Võ, Ba Đình","21.028810501098633, 105.82356262207031"
42197865,18/02/2025,"Cực hiếm - bán tập thể tầng 2 Vũ Thạnh Giảng Võ - Núi Trúc, TT Đống Đa 40/80 x2PN/2WC, giá 4,1tỷ","4,1 tỷ",80 m²,"51,25 tr/m²",2,2,"Giảng Võ, Ba Đình","21.0265536125362, 105.826385681968"
42196931,18/02/2025,Ngõ 3 bác - 1 ngoặt ra ô tô - 2 ngủ - 2 WC - sổ sẵn sáng - giá tốt - gần chợ và trường học,"2,7 tỷ",52 m²,"51,92 tr/m²",2,2,"Liễu Giai, Ba Đình","21.0326670509821, 105.808939328324"
42196096,18/02/2025,Căn hộ hạng sang tọa lạc ngay trung tâm thành phố Hà Nội,"11,2 tỷ",83 m²,135 tr/m²,2,2,"Thành Công, Ba Đình","21.020708761044574, 105.81896295153695"
31363270,18/02/2025,"Bán gấp cắt lỗ căn hộ chung cư tại The Lancaster - 20 Núi Trúc, 143m2, 3PN, tầng cao, 0941 882 ***",Giá thỏa thuận,143 m²,N/A,3,3,"Giảng Võ, Ba Đình","21.0288105010986, 105.82356262207"
41919783,18/02/2025,Căn hoa hậu 2pn duy nhất cần bán gấp tầng trung Metropolis Liễu Giai giá 148tr/m2. Lh: 0933 218 ***,"12,28 tỷ",83 m²,148 tr/m²,2,2,"Ngọc Khánh, Ba Đình","21.033283761347889, 105.81658686658369"
41585992,18/02/2025,Đặt mua ngay CH Trung tâm Ba Đình số 29 Láng Hạ Full đồ view Hồ Hoàng Cầu trực tiếp chủ đầu tư,Giá thỏa thuận,83 m²,N/A,2,2,"Thành Công, Ba Đình","21.020708084106445, 105.8189697265625"
42046004,18/02/2025,"Căn góc - 3PN tại Metropolis 29 Liễu Giai bán gấp, giá tốt nhất thị trường. LH: 0933 218 ***","22,5 tỷ",110 m²,"204,54 tr/m²",N/A,N/A,"Ngọc Khánh, Ba Đình","21.033280751139046, 105.81655576487759"
42115777,18/02/2025,Em Huy PKD Chủ Đầu Tư Nelson Private 29 Láng Hạ mở bán đợt 1 căn hộ 3PN góc giá tốt nhất tại dự án,"13,4 tỷ",106 m²,"126,42 tr/m²",3,2,"Thành Công, Ba Đình","21.02090109385329, 105.81866006910516"
41657593,18/02/2025,"Hoa hậu, tập thể 7,2 ha Vĩnh Phúc, Ba Đình, tầng 3, b/công rộng, 70m2 2PN 2WC full NT chỉ 4,48 tỷ","4,48 tỷ",70 m²,64 tr/m²,2,2,"Vĩnh Phúc, Ba Đình","21.0436993596036, 105.810262283221"
41089097,18/02/2025,"Hoa hậu! Tập thể Thành Công, Ba Đình, tầng 2, lô góc, ô tô, 100m2 3PN 2WC nhà đẹp",Giá thỏa thuận,100 m²,N/A,3,2,"Thành Công, Ba Đình","21.0218677431322, 105.815735010709"
42193869,18/02/2025,"Bán chung cư số 6 Đội Nhân, 3N 2WC giá siêu hấp dẫn","6,3 tỷ",94 m²,"67,02 tr/m²",3,2,"Vĩnh Phúc, Ba Đình","21.04173851595741, 105.81146888611407"
41992830,17/02/2025,"Nhà tôi cần bán nhanh căn 3PN tại CC Landcaster Núi Trúc, giá 8.2 tỷ, full nội thất có slot ô tô","8,2 tỷ",121 m²,"67,77 tr/m²",3,2,"Giảng Võ, Ba Đình","21.028837858186876, 105.82390918836722"
42133978,17/02/2025,Căn hộ hạng sang The Nelson 29 Láng Hạ khẳng định vị thế cao cấp với dịch vụ vượt trội giữa Hà Nội,11 tỷ,100 m²,110 tr/m²,2,N/A,"Thành Công, Ba Đình","21.0204689396106, 105.818136626748"
40659945,17/02/2025,"Cần bán nhanh căn góc chung cư Grandeur Palace - 138B Giảng Võ, 128m2, 3PN, chỉ 15 tỷ 0941 882 ***",15 tỷ,128 m²,"117,19 tr/m²",3,2,"Kim Mã, Ba Đình","21.0287971496582, 105.825675964355"
41992347,17/02/2025,"Hiếm nhà bán! TT Quân Đội Đội Nhân - Ba Đình - Tầng 2 - Ô tô đỗ, 50m2, 2 ngủ, nhà đẹp chỉ 3.35 tỷ","3,35 tỷ",50 m²,67 tr/m²,2,2,"Đội Cấn, Ba Đình","21.035939481524874, 105.81566889855807"
41759036,17/02/2025,"Chỉ 3,05 tỷ có ngay TT CPV Ngoại Giao Đoàn - Đào Tấn - Ba Đình - Tầng 3, 70m2, 2 ngủ, 2wc về ở luôn","3,05 tỷ",70 m²,"43,57 tr/m²",2,2,"Cống Vị, Ba Đình","21.0323285073789, 105.809069427015"
40927978,17/02/2025,"Bán chung cư Ba Đình, 109m2, 2 ngủ, căn góc, chung cư cán bộ cấp cao - 8.7 tỷ. LH: 0904 154 ***","8,7 tỷ",109 m²,"79,82 tr/m²",2,2,"Trúc Bạch, Ba Đình","21.0427804342241, 105.844119557706"
42189512,17/02/2025,Bán căn hộ chung cư Newtatco- Vĩnh Phúc- Ba Đình- 72M2 -2pn-1vs. Chính chủ. Liên hệ: 0963 815 ***,Giá thỏa thuận,72 m²,N/A,2,1,"Vĩnh Phúc, Ba Đình","21.042156320810278, 105.8071450742199"
37340080,17/02/2025,"Chính chủ cần bán căn hộ toà A chung cư 671 Hoàng Hoa Thám, tầng cao view hồ, 95m2. Giá chỉ 6.5 tỷ","6,5 tỷ",95 m²,"68,42 tr/m²",3,2,"Liễu Giai, Ba Đình","21.0470561981201, 105.807746887207"
42188985,17/02/2025,"Bán cc Lancaster số 20 Núi Trúc, diện tích 115m, giá bán 12.8 tỷ có thương lương. Tell 0934 288 ***","12,8 tỷ",115 m²,"111,3 tr/m²",3,2,"Giảng Võ, Ba Đình","21.028122032566554, 105.82411089195082"
37186509,17/02/2025,Tôi cần bán nhà 115m2 hướng Đông Nam tầng 08,Giá thỏa thuận,115 m²,N/A,3,2,"Ngọc Khánh, Ba Đình","21.0332698822021, 105.816703796387"
36256283,17/02/2025,Căn hộ 146m2 tại tòa M3 Đông Nam mã căn 10 giá 25 tỷ,25 tỷ,146 m²,"171,23 tr/m²",4,3,"Ngọc Khánh, Ba Đình","21.0332698822021, 105.816703796387"
42187703,17/02/2025,"Bán nhà tập thể Thành Công, Nguyên Hồng, Ba Đình, 2 ngủ riêng biệt, nhà đẹp, ở ngay, ô tô đỗ cửa","3,1 tỷ",56 m²,"55,36 tr/m²",2,N/A,"Thành Công, Ba Đình","21.0219155299988, 105.815768307006"
41072683,17/02/2025,Bán căn hoa hậu D2 Giảng Võ 325 m2 tầng cao view hồ 22.5 tỷ trung tâm Ba Đình sổ lâu dài,"22,5 tỷ",325 m²,"69,23 tr/m²",4,4,"Giảng Võ, Ba Đình","21.027835845947266, 105.82476043701172"
42186171,17/02/2025,"Bán TT Thành Công, Ba Đình, 80m - 3pn","4,65 tỷ",80 m²,"58,12 tr/m²",3,2,"Thành Công, Ba Đình","21.0201129868438, 105.815560228869"
42185527,17/02/2025,"Bán nhà riêng tập thể tầng 2 tại mặt hồ Thành Công, Ba Đình, Hà Nội, 4,3 tỷ, 100m2","4,3 tỷ",100 m²,43 tr/m²,3,2,"Thành Công, Ba Đình","21.0217120253102, 105.816282694706"
42185847,17/02/2025,"Bán căn hộ chung cư toà Newtatco Ba Đình ,Hà Nội 72m2 , thiết kế 2 ngủ , 1 vệ sinh",Giá thỏa thuận,72 m²,N/A,2,1,"Vĩnh Phúc, Ba Đình","21.0425037887895, 105.80793116243"
41714860,17/02/2025,Quỹ căn chuyển nhượng vip tại 138B Grandeur Giảng Võ. LH: 0933 218 ***,"12,3 tỷ",78 m²,"157,69 tr/m²",2,2,"Kim Mã, Ba Đình","21.028797149658203, 105.82567596435547"
42035154,17/02/2025,"Bán căn hộ chung cư tại Hà Nội Aqua Central, 14 tỷ, 114 m2, hàng hiếm uy tín",14 tỷ,114 m²,"122,81 tr/m²",3,2,"Trúc Bạch, Ba Đình","21.044044546661315, 105.84550751769144"
41597043,17/02/2025,"Bán gấp căn hộ chung cư 671 Hoàng Hoa Thám 95m2, 3PN, tầng cao, view hồ Tây, 6.5 tỉ. Lh: 0963 668 ***","6,5 tỷ",95 m²,"68,42 tr/m²",3,2,"Liễu Giai, Ba Đình","21.0470561981201, 105.807746887207"
40675221,17/02/2025,"Bán căn hộ chung cư 6 Đội Nhân, 94 m2, thiết kế 2 PN, full đồ, view khu biệt thự, giá 6 tỷ",6 tỷ,94 m²,"63,83 tr/m²",2,N/A,"Vĩnh Phúc, Ba Đình","21.0416355133057, 105.811874389648"
42181121,17/02/2025,Tập thể CCMN - vị trí đẹp - 3 thoáng - gần phố - gần ô tô - thang máy chạy vèo vèo - chỉ 5.25tỷ,"5,25 tỷ",63 m²,"83,33 tr/m²",2,2,"Quán Thánh, Ba Đình","21.0415281066288, 105.841335781122"
39863475,17/02/2025,Bán nhà tập thể Thành Công - Nguyên Hông - Nguyễn Chí Thanh nhà đẹp thoáng sạch sẽ xách vali về ở,"3,7 tỷ",31 m²,"119,36 tr/m²",3,2,"Thành Công, Ba Đình","21.0214391965866, 105.816181479348"
41830965,17/02/2025,"Chính chủ cần bán căn hộ chung cư 2PN tòa 195 Đội Cấn, Ba Đình, Hà Nội. LH 0944 928 ***",Giá thỏa thuận,70 m²,N/A,2,2,"Đội Cấn, Ba Đình","21.0352100633408, 105.825595705247"
41878260,17/02/2025,"Bán căn hộ 3 ngủ toà AQua Central 44 Yên Phụ. DT 110 m2, 3 ngủ, 2 wc, giá 15 tỷ",15 tỷ,110 m²,"136,36 tr/m²",3,2,"Trúc Bạch, Ba Đình","21.0440337833839, 105.84524886134"
42183809,17/02/2025,"Bán TT tầng 2, Phố Vũ Thạnh - Giảng Võ - TT Đống Đa - Ba Đình - 37/75m x2PN - oto đậu - 4,2 tỷ","4,2 tỷ",75 m²,56 tr/m²,2,1,"Giảng Võ, Ba Đình","21.0265833733657, 105.826375411827"
42175543,17/02/2025,"Hiếm nhà bán! Tập thể mặt phố Hàng Than, Ba Đình, tầng 3, lô góc, sổ to 70m2 3PN chỉ 4,89 tỷ","4,89 tỷ",70 m²,"69,86 tr/m²",3,1,"Nguyễn Trung Trực, Ba Đình","21.0415895220648, 105.847042453475"
41851799,16/02/2025,"Căn hộ 5 sao hướng thủy tuyệt mỹ view 2 hồ độc nhất tại HN, em Huy PKD chủ đầu tư Nelson Private","11,4 tỷ","87,2 m²","130,73 tr/m²",2,2,"Thành Công, Ba Đình","21.0205007580602, 105.818702265295"
42181636,16/02/2025,"Gấp! Nhà tập thể Đào Tấn - Kim Mã, 65m2, 2 ngủ 2 wc, full đồ ở ngay, chỉ 2,98 tỷ","2,98 tỷ",65 m²,"45,85 tr/m²",2,2,"Ngọc Khánh, Ba Đình","21.0321885492287, 105.808922354624"
42181090,16/02/2025,"Gia đình tôi cần bán căn nhà ngõ 92 Cửa Bắc 105m2 nhà tầng 5, TK 4 PN giá 3,2 tỷ","3,2 tỷ",105 m²,"30,48 tr/m²",4,N/A,"Quán Thánh, Ba Đình","21.0429270623616, 105.842643834048"
39282789,16/02/2025,Bán că Duplex chung cư Lancaster Núi Trúc diện tích 600m2,Giá thỏa thuận,600 m²,N/A,N/A,N/A,"Giảng Võ, Ba Đình","21.0288105010986, 105.82356262207"
41421600,16/02/2025,Chính chủ bán căn hộ tầng 1. Khu TT 141C Nguyễn Thái Học. Diện tích 42 m2. Mặt tiền 3m,"4,9 tỷ",42 m²,"116,67 tr/m²",N/A,N/A,"Điện Biên, Ba Đình","21.0303916542324, 105.837021074817"
36160236,16/02/2025,Cần bán: Căn hộ 110m2 căn góc mã 08 tòa M1,"16,7 tỷ",110 m²,"151,82 tr/m²",3,2,"Ngọc Khánh, Ba Đình","21.0332698822021, 105.816703796387"
37595741,16/02/2025,Bán căn 10 nhà M3 tầng cao view Hồ Tây: 24 tỷ,24 tỷ,146 m²,"164,38 tr/m²",2,3,"Ngọc Khánh, Ba Đình","21.03326988220215, 105.81670379638672"
42179042,16/02/2025,Chính chủ tôi cần bán căn hộ chung cư cao cấp Giảng Võ Ba Đình Hà Nội 84m2 full nội thất giá yêu,"10,3 tỷ",84 m²,"122,62 tr/m²",3,2,"Giảng Võ, Ba Đình","21.03031320066082, 105.82114077594862"
27304138,15/02/2025,Cập nhật các căn chuyển nhượng 2PN - 3PN giá tốt. Xem căn hộ 24/7: 0899 822 ***,Giá thỏa thuận,"77,8 m²",N/A,2,2,"Kim Mã, Ba Đình","21.0294971466064, 105.82706451416"
42178212,15/02/2025,"Siêu VIP! Tập thể Núi Trúc, Ba Đình, tầng 2, lô góc, sổ to 80m2 3PN 2WC nhà đẹp chỉ 4,45 tỷ","4,45 tỷ",80 m²,"55,62 tr/m²",3,2,"Kim Mã, Ba Đình","21.029291560594, 105.822933574585"
42177616,15/02/2025,"Bán căn hộ siêu đẹp 87m2, 11 tỷ tại The Nelson Private Residences, Láng Hạ, Ba Đình LH 0988 125 ***",11 tỷ,87 m²,"126,44 tr/m²",2,2,"Thành Công, Ba Đình","21.020937273508064, 105.81985131302488"
42177584,15/02/2025,"BÁN CHUNG CƯ MINI ĐÀO TẤN, BA ĐÌNH. 44m, 7 TẦNG THANG MÁY CHỈ 14,2 TỶ. HÀNG ĐỘC, PHỐ VIP.","14,2 tỷ",44 m²,"322,73 tr/m²",11,11,"Liễu Giai, Ba Đình","21.0327598510208, 105.808552827362"
38739708,15/02/2025,Bán căn 115m2 view đẹp M3 giá 17 tỷ,17 tỷ,110 m²,"154,54 tr/m²",3,2,"Ngọc Khánh, Ba Đình","21.0332698822021, 105.816703796387"
29829422,15/02/2025,"Chính chủ cần bán căn hộ CCCC 26 Liễu Giai, Ba Đình, Hà Nội 0944 040 ***",6 tỷ,71 m²,"84,51 tr/m²",2,2,"Cống Vị, Ba Đình","21.0354385375977, 105.814140319824"
41946220,15/02/2025,Cần bán nhanh căn 3 phòng ngủ - 106m2 trung tâm Q. Ba Đình - Sở hữu lâu dài - Nhận nhà 2025,Giá thỏa thuận,106 m²,N/A,3,2,"Thành Công, Ba Đình","21.020490829327677, 105.8189011032354"
42174590,15/02/2025,"Tôi bán căn 84m2 - 2PN full nội thất, tòa B6 Giảng Võ. Giá hơn 8 tỷ","8,5 tỷ",84 m²,"101,19 tr/m²",2,2,"Giảng Võ, Ba Đình","21.029210902851606, 105.82160770406864"
42173376,15/02/2025,"Bán căn tập thể phố Hàng Than, căn góc, 3 ngủ, 72m2, giá 4,95 tỷ","4,95 tỷ",72 m²,"68,75 tr/m²",3,2,"Quán Thánh, Ba Đình","21.0422490583482, 105.847143488242"
41957997,15/02/2025,Hiếm nhà bán! TT Bộ Trung TW Ngọc Hà - Ba Đình - tầng 1 - ô tô đỗ cửa 55m2 về ở luôn chỉ 3.45 tỷ,"3,45 tỷ",55 m²,"62,73 tr/m²",2,1,"Ngọc Hà, Ba Đình","21.0377505083516, 105.830407184261"
41850687,15/02/2025,"Phố vip, siêu hiếm! TT Liễu Giai - Ba Đình - Sổ to 70m2, nhà đẹp về ở luôn chỉ 3.6 tỷ","3,6 tỷ",70 m²,"51,43 tr/m²",2,N/A,"Liễu Giai, Ba Đình","21.0334507162189, 105.816874291092"
42097478,15/02/2025,Bán căn hoa hậu rẻ nhất dự án 125m2 gần hồ Thành Công đẹp nhất. LH PKD CĐT 0904 682 ***,"12,5 tỷ",125 m²,100 tr/m²,3,2,"Thành Công, Ba Đình","21.0186261245291, 105.81633162725907"
41723078,15/02/2025,"Bán CHCC, 83m2, căn góc, 2PN, Diamond Park Plaza - 16 Láng Hạ, Q. Ba Đình, Hà Nội LH: 0982 040 ***","13,5 tỷ",83 m²,"162,65 tr/m²",2,2,"Thành Công, Ba Đình","21.018843661483647, 105.81631672735244"
38377886,15/02/2025,Tôi có căn góc 3 phòng ngủ M3 muốn bán giá 17 tỷ bao phí,17 tỷ,115 m²,"147,83 tr/m²",3,2,"Ngọc Khánh, Ba Đình","21.0332698822021, 105.816703796387"
41144026,15/02/2025,"Chủ bán CH B6 Giảng Võ Ba Đình, DT 83m2 - 3PN - 7,5 tỷ - và 104m2 - 4PN - 12,5 tỷ SĐCC: 0971 085 ***","7,5 tỷ",83 m²,"90,36 tr/m²",3,2,"Giảng Võ, Ba Đình","21.0296936035156, 105.821510314941"
36606043,15/02/2025,"Mở bán CCMN K7 Đội Cấn - Liễu Giai Ba Đình 30 - 50m2 siêu đẹp, cạnh bảo tàng B52","1,5 tỷ",45 m²,"33,33 tr/m²",N/A,N/A,"Liễu Giai, Ba Đình","21.0361206, 105.8168371"
42077210,15/02/2025,Tôi cần bán gấp nhà tập thể Phố Vạn Bảo 66m2 sổ 42m2 giá 3.9 tỷ mua trực tiếp chính chủ thiết kế,"3,9 tỷ",66 m²,"59,09 tr/m²",2,1,"Đội Cấn, Ba Đình","21.0325200913378, 105.817037032863"
36407807,15/02/2025,Tôi cần bán căn góc 120m2 nhà M3,23 tỷ,120 m²,"191,67 tr/m²",3,2,"Ngọc Khánh, Ba Đình","21.0332698822021, 105.816703796387"
41694342,15/02/2025,"Duy nhất căn hộ TT Phan Đình Phùng, Ba Đình, DT sổ 40m2, DTSD 55m2, 2PN, đủ đồ, 3,45 tỷ. 0984 536 ***","3,45 tỷ",55 m²,"62,73 tr/m²",2,N/A,"Quán Thánh, Ba Đình","21.0405481447166, 105.840736122701"
37902422,15/02/2025,Gia đình qua nước ngoài định cư nên cần bán căn 2PN toà Discovery 67 - Trần Phú - Ba Đình,"7,2 tỷ",71 m²,"101,41 tr/m²",2,N/A,"Điện Biên, Ba Đình","21.032419204711914, 105.83135986328125"
41604807,14/02/2025,"Chính chủ cần bán gấp CH Grandeur Palace 138B Giảng Võ, 154m2, 3PN, đủ đồ. LH 0372 004 ***",Giá thỏa thuận,154 m²,N/A,3,2,"Kim Mã, Ba Đình","21.0287971496582, 105.825675964355"
37815026,14/02/2025,"Bán 2PN 16 Láng Hạ 103m2, full nội thất - view trọn hồ - gía tốt siêu hợp lý - 0931 318 ***",Giá thỏa thuận,103 m²,N/A,2,2,"Thành Công, Ba Đình","21.018978118896484, 105.81591033935547"
41582043,14/02/2025,"Ra Mắt Căn Hộ 3 ngủ tại HDMON 29 Láng Hạ, phường Thành Công, quận Ba Đình","14,42 tỷ","106,8 m²",135 tr/m²,3,2,"Thành Công, Ba Đình","21.020708084106445, 105.8189697265625"
42043785,14/02/2025,"Bán nhà tập thể Thành Công, Ba Đình nhà K 8 tầng 3 25/65m2, 3,15 tỷ","3,15 tỷ",65 m²,"48,46 tr/m²",2,1,"Thành Công, Ba Đình","21.0215276961391, 105.815793555493"
37417648,14/02/2025,"CĐT mở bán các CH 1,2,3PN tại CC Discovery Central 67 Trần Phú. CK 1-3%, miễn phí 24 tháng dịch vụ",Giá thỏa thuận,70 m²,N/A,2,2,"Điện Biên, Ba Đình","21.0324192047119, 105.831359863281"
39239610,14/02/2025,"Bán căn 3 phòng ngủ tầng cao view đẹp chung cư Aqua Central, diện tích 120m2",14 tỷ,120 m²,"116,67 tr/m²",3,2,"Trúc Bạch, Ba Đình","21.0444717407227, 105.845626831055"
42168089,14/02/2025,"Bán tập thể Giảng Võ, Núi Trúc, Hào Nam - TT Ba Đình - 39/85m2 x 3PN/2WC - Ở luôn - giá 4,2 tỷ","4,2 tỷ",85 m²,"49,41 tr/m²",3,2,"Giảng Võ, Ba Đình","21.026441012536, 105.823367466941"
30982899,14/02/2025,"Chính chủ cần bán căn hộ CCCC 26 Liễu Giai Tower, Ba Đình, Hà Nội giá 5.3 tỷ 0944 040 ***","5,3 tỷ",64 m²,"82,81 tr/m²",2,2,"Cống Vị, Ba Đình","21.0354385375977, 105.814140319824"
40177297,14/02/2025,"Bán nhanh căn hộ Penthouse tại Hà Nội Aqua Central - 44 Yên Phụ 500m2, đồ siêu xịn, 0941 882 ***",Giá thỏa thuận,500 m²,N/A,5,4,"Trúc Bạch, Ba Đình","21.044471740722656, 105.84562683105469"
34455014,14/02/2025,Cần bán nhanh căn hộ Aqua Central 3PN 120m2 tầng trung đẹp. Các phòng đều thoáng. lh 0975 034 ***,Giá thỏa thuận,120 m²,N/A,3,2,"Trúc Bạch, Ba Đình","21.0444717407227, 105.845626831055"
41590624,14/02/2025,"Chung cư cao cấp hàng Limited tại 29 Láng Hạ, Ba Đình giá tốt nhất thị trường LH ngay 0966 382 ***","10,79 tỷ",83 m²,130 tr/m²,2,N/A,"Thành Công, Ba Đình","21.020708084106445, 105.8189697265625"
42090538,14/02/2025,"Quỹ căn nội bộ The Nelson tầng đẹp giá niêm yết, chiết khấu cao cho quý khách hàng trong 2025",Giá thỏa thuận,83 m²,N/A,N/A,N/A,"Thành Công, Ba Đình","21.02052547422883, 105.8188602927435"
42166683,14/02/2025,Dòng tiền 200tr/tháng!Bán Nhà Dịch Vụ Ba Đình 7 Tầng Thang Máy - 104m - Mặt Tiền7.6m - Giá 26.8 Tỷ,"26,8 tỷ",104 m²,"257,69 tr/m²",34,35,"Vĩnh Phúc, Ba Đình","21.0442294278392, 105.810435970113"
42093433,14/02/2025,"Cần bán gấp căn hộ 3PN Hòa Bình Green Apartment 107m2 tầng trung ban công ĐN, giá 8,4 tỷ","8,4 tỷ",107 m²,"78,5 tr/m²",3,2,"Vĩnh Phúc, Ba Đình","21.04106910703201, 105.80789727555504"
42164789,14/02/2025,Nhỉnh 1 tỷ có ngay căn hộ CCMN Hoàng Hoa Thám - công viên Bách Thảo 2 PN đủ đồ 52m2,"1,8 tỷ",52 m²,"34,62 tr/m²",2,1,"Liễu Giai, Ba Đình","21.0422181092443, 105.817970715753"
42164574,14/02/2025,"Bán nhà tập thể Thành Công, Nguyên Hồng, 2 ngủ riêng biệt, 2 ban công, 3 mặt thoáng, nhà đẹp","3,2 tỷ",55 m²,"58,18 tr/m²",2,N/A,"Thành Công, Ba Đình","21.0220791405822, 105.816136447056"
41414366,14/02/2025,Cần bán căn 3 ngủ DT 120m2 tại chung cư Hà Nội Aqua Central 44 Yên Phụ,15 tỷ,120 m²,125 tr/m²,3,2,"Trúc Bạch, Ba Đình","21.044471740722656, 105.84562683105469"
42092307,14/02/2025,"CCMN 1N XUÂN ĐỈNH , CẠNH ĐIỆN MÁY HC , GIÁ 1TY",1 tỷ,30 m²,"33,33 tr/m²",1,1,"Vĩnh Phúc, Ba Đình","21.0390122288698, 105.803945787664"
40174156,14/02/2025,Tổng hợp 03 Skyvillas Metropolis bán từ 50 tỷ,100 tỷ,500 m²,200 tr/m²,4,3,"Ngọc Khánh, Ba Đình","21.0332698822021, 105.816703796387"
42162173,14/02/2025,Chính chủ cần bán căn hộ siêu đẹp,"1,45 tỷ",30 m²,"48,33 tr/m²",1,1,"Giảng Võ, Ba Đình","21.02850335377283, 105.82115663897301"
42118898,14/02/2025,"Siêu phẩm 3 ngủ đẹp nhất Vinhome Metropolis 18,5 tỷ","18,5 tỷ",115 m²,"160,87 tr/m²",3,2,"Ngọc Khánh, Ba Đình","21.03313746655037, 105.81752625772462"
42161017,13/02/2025,"Bán căn góc 3PN, 120m2 tại Platinum Residences, chính chủ",Giá thỏa thuận,120 m²,N/A,3,2,"Ngọc Khánh, Ba Đình","21.027177517615623, 105.81760982292452"
41765949,13/02/2025,"Cần bán gấp căn hộ chung cư mặt đường Trần Phú (Ba Đình), tầng đẹp, view quảng trường",Giá thỏa thuận,72 m²,N/A,2,N/A,"Điện Biên, Ba Đình","21.032419204711914, 105.83135986328125"
39908786,12/02/2025,"Chỉ 2,2 tỷ sở hữu căn hộ 1 ngủ 57m2 full đồ view Đông Bắc 16 Láng Hạ. Làm sổ đỏ ngay. Có slot oto","6,4 tỷ","57,1 m²","112,08 tr/m²",1,1,"Thành Công, Ba Đình","21.019416809082, 105.816879272461"
41024992,11/02/2025,Bán nhanh căn hộ số 6 Đội Nhân 85m2 2pn căn góc giá chỉ 5.5 tỷ có gia lộc. LH: 0978 723 ***,"5,5 tỷ",85 m²,"64,71 tr/m²",2,2,"Vĩnh Phúc, Ba Đình","21.0416355133057, 105.811874389648"
42130836,11/02/2025,Bán căn hộ chung cư 671 Hoàng Hoa Thám - 74 m view Hồ Tây,"7,03 tỷ",74 m²,95 tr/m²,2,2,"Liễu Giai, Ba Đình","21.047329465757539, 105.80833940909585"
41943353,10/02/2025,"Bán gấp căn hộ chung cư Platinum Residences - 6 Nguyễn Công Hoan, 108m2 2PN giá 9 tỷ","9,2 tỷ",108 m²,"85,18 tr/m²",2,2,"Ngọc Khánh, Ba Đình","21.0270671844482, 105.817451477051"
42133626,10/02/2025,"Bán căn hộ chung cư 671 Hoàng Hoa Thám, 3PN, 93 triệu/m","10,51 tỷ",113 m²,93 tr/m²,3,2,"Liễu Giai, Ba Đình","21.047356161756852, 105.80820743478931"
40679334,10/02/2025,"Giá tốt! Bán căn hộ số 6 Đội Nhân, 94m2 - 3 ngủ - 2 vệ sinh - tầng trung view thoáng LH 0364 224 ***",6 tỷ,94 m²,"63,83 tr/m²",3,2,"Vĩnh Phúc, Ba Đình","21.0416355133057, 105.811874389648"
42087144,08/02/2025,"PKD CĐT bán căn hộ đẹp tại Diamond Park Plaza, giá thỏa thuận, 124m2, 3PN, 3WC",Giá thỏa thuận,124 m²,N/A,3,3,"Thành Công, Ba Đình","21.018986140299738, 105.81547256383571"
35246321,06/02/2025,Danh sách mở bán các căn hộ 1 - 2 - 3 PN trực tiếp CĐT CC cao cấp Discovery Central 67 Trần Phú,"5,82 tỷ",71 m²,82 tr/m²,2,2,"Điện Biên, Ba Đình","21.0324192047119, 105.831359863281"
